SHAPE_AREA,US_ACT2021,DES_US2021,DES_ES2021,UNION,NOMBRE_PARQUE,DIRECCION,SECTOR,CATEGORIA,UBICACION,ACCESO,TIPOLOGIA
5287.03085222,EA,ESPACIO ABIERTO,PARQUE,"1",,,,,,,
1775.28775828,EA,ESPACIO ABIERTO,PARQUE,"2",,,,,,,
113.129773024,EA,ESPACIO ABIERTO,ESPACIO ABIERTO,"3",,,,,,,
5.30720159113,EA,ESPACIO ABIERTO,ESPACIO ABIERTO,"4",,,,,,,
980.844365881,EA,ESPACIO ABIERTO,ESPACIO ABIERTO,"5",ÁREA DEP. MANUEL J. CLOUTHIER (CORREGIDORA-CROMO),"SECTOR NORPONEINTE DE SAN PEDRO , CLOUTHIER / CORREGIDORA Y CROMO",K1,LINEAL,ÁREA PÚBLICA,ABIERTO,parque lineal
704.133679509,EA,ESPACIO ABIERTO,PARQUE LAS MITRAS,"6",PARQUE LAS MITRAS,"COLONIA SAN PEDRO 400 , SODIO Y POTASIO",K1,PRINCIPAL,ÁREA PÚBLICA,ABIERTO,parque de barrio
43372.7198514,EA,ESPACIO ABIERTO,CAÑADA,"7",PARQUE LOS ROSALES,"COLONIA SAN PEDRO 400, URANIO Y TUNGSTENO",K1,PRINCIPAL,ÁREA PÚBLICA,ABIERTO,parque urbano
13412.2421819,EA,ESPACIO ABIERTO,ESPACIO ABIERTO,"8",ÁREA DEP. MANUEL J. CLOUTHIER (CORREGIDORA-CROMO),"SECTOR NORPONEINTE DE SAN PEDRO , CLOUTHIER / CORREGIDORA Y CROMO",K1,LINEAL,ÁREA PÚBLICA,ABIERTO,parque lineal
9325.78540475,EA,ESPACIO ABIERTO,PARQUE,"9",ÁREA DEP. MANUEL J. CLOUTHIER (CORREGIDORA-CROMO),"SECTOR NORPONEINTE DE SAN PEDRO , CLOUTHIER / CORREGIDORA Y CROMO",K1,LINEAL,ÁREA PÚBLICA,ABIERTO,parque lineal
4891.59117276,EA,ESPACIO ABIERTO,PARQUE,"10",ÁREA DEP. MANUEL J. CLOUTHIER (CORREGIDORA-CROMO),"SECTOR NORPONEINTE DE SAN PEDRO , CLOUTHIER / CORREGIDORA Y CROMO",K1,LINEAL,ÁREA PÚBLICA,ABIERTO,parque lineal
1366.94383346,EA,ESPACIO ABIERTO,PARQUE,"11",PARQUE LA HORMIGA,"COLONIA REVOLUCION 1er SECTOR , EMILIANO ZAPATA Y DIVISION DEL NORTE",K1,PRINCIPAL,ÁREA PÚBLICA,ABIERTO,parque de barrio
8983.86589746,EA,ESPACIO ABIERTO,PARQUE,"12",PARQUE LOS CIPRESES,"COLONIA REVOUCION 4º SECTOR , EMILIANO ZAPATA Y PLAN DE GUADALUPE",K1,PRINCIPAL,ÁREA PÚBLICA,ABIERTO,parque de barrio
1561.18964187,EA,ESPACIO ABIERTO,PARQUE,"13",,,,,,,
1493.55557589,EA,ESPACIO ABIERTO,PARQUE,"14",PARQUE PONIENTE VERDE,"COLONIA VILLITAS DEL OBISPO , CLOUTHIER Y ANTONIO DE SASEDON",K1,PRINCIPAL,ÁREA PÚBLICA,ABIERTO,parque de bolsillo
1292.44634504,EA,ESPACIO ABIERTO,PARQUE,"15",PARQUE VILLITAS DEL OBISPO,"COLONIA VILLITAS DEL OBISPO , FRAY JUAN DE ZUMARRAGA",K1,PRINCIPAL,ÁREA PÚBLICA,ABIERTO,parque de barrio
504.162569404,EA,ESPACIO ABIERTO,ESPACIO ABIERTO,"16",LUÍS ECHEVERRÍA EN CORREGIDORA Y FRANCISCO VILLA,"COLONIA FRANCISCO VILLA , CALLE FRANCISCO VILLA Y CORREGIDORA",K1,BARRIAL,ÁREA PÚBLICA,ABIERTO,parque de bolsillo
2062.26706345,EA,ESPACIO ABIERTO,PARQUE,"17",,,,,,,
235.52366335,EA,ESPACIO ABIERTO,ESPACIO ABIERTO,"18",,,,,,,
700.782777543,EA,ESPACIO ABIERTO,ESPACIO ABIERTO,"19",,,,,,,
88.8802974563,EA,ESPACIO ABIERTO,ESPACIO ABIERTO,"20",,,,,,,
63.2295858519,EA,ESPACIO ABIERTO,ESPACIO ABIERTO,"21",,,,,,,
206.949141631,EA,ESPACIO ABIERTO,ESPACIO ABIERTO,"22",,,,,,,
5450.96490237,EA,ESPACIO ABIERTO,PARQUE,"23",PARQUE BUGAMBILIAS,"COLONIA VILLAS DEL OBISPO , PROL. CLOUTHIER Y LANDON",K1,PRINCIPAL,ÁREA PÚBLICA,ABIERTO,parque de barrio
2221.43547604,EA,ESPACIO ABIERTO,PARQUE,"24",,,,,,,
2114.75108236,EA,ESPACIO ABIERTO,PARQUE,"25",,,,,,,
746.623503809,EA,ESPACIO ABIERTO,PARQUE,"26",,,,,,,
5278.73824573,EA,ESPACIO ABIERTO,PARQUE,"27",,,,,,,
405.122945809,EA,ESPACIO ABIERTO,PARQUE,"28",,,,,,,
788.856370546,EA,ESPACIO ABIERTO,CAMELLON,"29",,,,,,,
4239.26065925,EA,ESPACIO ABIERTO,PARQUE,"30",,,,,,,
8010.86645088,EA,ESPACIO ABIERTO,PLAZA,"31",,,,,,,
5672.3725225,EA,ESPACIO ABIERTO,PARQUE,"32",,,,,,,
888.873707802,EA,ESPACIO ABIERTO,PLAZA,"33",,,,,,,
268.796606058,EA,ESPACIO ABIERTO,ESPACIO ABIERTO,"34",,,,,,,
308.63102896,EA,ESPACIO ABIERTO,PARQUE,"35",,,,,,,
756.532210414,EA,ESPACIO ABIERTO,PARQUE,"36",,,,,,,
1631.09973576,EA,ESPACIO ABIERTO,PARQUE,"37",,,,,,,
6309.94145669,EA,ESPACIO ABIERTO,PARQUE,"38",,,,,,,
10848.1970154,EA,ESPACIO ABIERTO,CAMELLON,"39",,,,,,,
9235.81294341,EA,ESPACIO ABIERTO,CAMELLON,"40",,,,,,,
2744.03835166,EA,ESPACIO ABIERTO,CAMELLON,"41",,,,,,,
2284.80677854,EA,ESPACIO ABIERTO,CAMELLON,"42",,,,,,,
14337.3687931,EA,ESPACIO ABIERTO,PARQUE,"43",,,,,,,
6888.35772603,EA,ESPACIO ABIERTO,PARQUE,"44",,,,,,,
3530.98962506,EA,ESPACIO ABIERTO,PARQUE,"45",,,,,,,
1005.75144781,EA,ESPACIO ABIERTO,CAMELLON,"46",,,,,,,
1942.71238497,EA,ESPACIO ABIERTO,PARQUE,"47",,,,,,,
8091.24034535,EA,ESPACIO ABIERTO,CAMELLON,"48",,,,,,,
8028.36527668,EA,ESPACIO ABIERTO,CAMELLON,"49",,,,,,,
6210.99383832,EA,ESPACIO ABIERTO,CAMELLON,"50",,,,,,,
2253.9265675,EA,ESPACIO ABIERTO,PARQUE,"51",,,,,,,
2745.56241562,EA,ESPACIO ABIERTO,PARQUE,"52",,,,,,,
3865.43025476,EA,ESPACIO ABIERTO,PARQUE,"53",,,,,,,
2354.46117568,EA,ESPACIO ABIERTO,PARQUE,"54",,,,,,,
7148.47440185,EA,ESPACIO ABIERTO,PARQUE,"55",,,,,,,
6098.22290626,EA,ESPACIO ABIERTO,PARQUE,"56",,,,,,,
936.070860671,EA,ESPACIO ABIERTO,PARQUE,"57",,,,,,,
168.812743229,HU,HABITACIONAL UNIFAMILIAR,HABITACIONAL UNIFAMILIAR,"58",,,,,,,
150.461463993,EA,ESPACIO ABIERTO,ESPACIO ABIERTO,"59",,,,,,,
580.771776418,EA,ESPACIO ABIERTO,PARQUE,"60",,,,,,,
211.640910798,HU,HABITACIONAL UNIFAMILIAR,HABITACIONAL UNIFAMILIAR,"61",,,,,,,
1196.96719234,EA,ESPACIO ABIERTO,PARQUE,"62",,,,,,,
13187.2266258,EA,ESPACIO ABIERTO,PARQUE,"63",,,,,,,
8130.05658131,EA,ESPACIO ABIERTO,PARQUE,"64",,,,,,,
581.783236743,EA,ESPACIO ABIERTO,ESPACIO ABIERTO,"65",,,,,,,
4955.39217857,EA,ESPACIO ABIERTO,PARQUE,"66",,,,,,,
946.154404584,EA,ESPACIO ABIERTO,PARQUE,"67",,,,,,,
582.119700659,EA,ESPACIO ABIERTO,PARQUE,"68",,,,,,,
883.298304085,EA,ESPACIO ABIERTO,ESPACIO ABIERTO,"69",,,,,,,
6086.88633158,EA,ESPACIO ABIERTO,PARQUE,"70",,,,,,,
994.746547067,EA,ESPACIO ABIERTO,PARQUE,"71",,,,,,,
352.527786548,EA,ESPACIO ABIERTO,ESPACIO ABIERTO,"72",,,,,,,
785.577182883,EA,ESPACIO ABIERTO,PARQUE,"73",,,,,,,
593.192500132,EA,ESPACIO ABIERTO,ESPACIO ABIERTO Y TORRE CFE,"74",,,,,,,
471.127189642,EA,ESPACIO ABIERTO,ESPACIO ABIERTO,"75",,,,,,,
233.875744018,EA,ESPACIO ABIERTO,CAMELLON,"76",,,,,,,
4735.46625279,EA,ESPACIO ABIERTO,CAMELLON,"77",,,,,,,
959.116378526,EA,ESPACIO ABIERTO,ESPACIO ABIERTO,"78",,,,,,,
13168.4531334,EA,ESPACIO ABIERTO,CAÑADA,"79",,,,,,,
7571.02790387,EA,ESPACIO ABIERTO,PARQUE,"80",,,,,,,
50322.5528879,PEC,AREA PRESERVACION PLAN METROPOLITANO 2021,AREA PRESERVACION PLAN METROPOLITANO 2021,"81",PARQUE RESPLANDOR,"COLONIA EL OBISPO , FRANCISCO I. MADERO Y ANDADOR CORREGIDORA",K1,PRINCIPAL,ÁREA PÚBLICA,ABIERTO,parque urbano
365.032762287,HU,HABITACIONAL UNIFAMILIAR,HABITACIONAL UNIFAMILIAR,"82",,,,,,,
6866.83178187,EA,ESPACIO ABIERTO,ROTONDA,"83",,,,,,,
996.027039096,EA,ESPACIO ABIERTO,PARQUE,"84",,,,,,,
1426.48890917,EA,ESPACIO ABIERTO,PARQUE,"85",,,,,,,
11369.6608673,EA,ESPACIO ABIERTO,PARQUE,"86",,,,,,,
17247.7294232,EA,ESPACIO ABIERTO,PARQUE,"87",,,,,,,
1277.43672297,EA,ESPACIO ABIERTO,PARQUE,"88",,,,,,,
2817.35342592,EA,ESPACIO ABIERTO,PARQUE,"89",,,,,,,
419.960523762,EA,ESPACIO ABIERTO,ESPACIO ABIERTO,"90",,,,,,,
3985.99695815,EA,ESPACIO ABIERTO,PARQUE,"91",,,,,,,
2771.86910021,EA,ESPACIO ABIERTO,PARQUE,"92",,,,,,,
156.197164912,EA,ESPACIO ABIERTO,ESPACIO ABIERTO,"93",,,,,,,
1031.29249123,EA,ESPACIO ABIERTO,PLAZA,"94",,,,,,,
2390.68737047,EA,ESPACIO ABIERTO,PARQUE,"95",,,,,,,
27.4925700238,EA,ESPACIO ABIERTO,ESPACIO ABIERTO,"96",,,,,,,
176.772586941,EA,ESPACIO ABIERTO,PARQUE,"97",,,,,,,
3955.9166024,EA,ESPACIO ABIERTO,PARQUE Y CANCHAS,"98",PARQUE VISTA MONTAÑA,"COLONIA VISTA MONTAÑA 5º SECTOR , BATALLONES ROJOS Y FELIPE ANGELES",K1,PRINCIPAL,ÁREA PÚBLICA,ABIERTO,parque de barrio
932.63307714,EA,ESPACIO ABIERTO,PARQUE,"99",,,,,,,
993.465167282,EA,ESPACIO ABIERTO,PARQUE,"100",,,,,,,
29.0391004064,EA,ESPACIO ABIERTO,ESPACIO ABIERTO,"101",,,,,,,
77.375109759,EA,ESPACIO ABIERTO,PARQUE,"102",,,,,,,
108.595438094,EA,ESPACIO ABIERTO,ESPACIO ABIERTO,"103",,,,,,,
71.1565898252,EA,ESPACIO ABIERTO,PARQUE,"104",,,,,,,
68.010149292,EA,ESPACIO ABIERTO,PARQUE,"105",,,,,,,
72.9211933405,EA,ESPACIO ABIERTO,PARQUE,"106",,,,,,,
69.8740440278,EA,ESPACIO ABIERTO,PARQUE,"107",,,,,,,
64.2966583821,EA,ESPACIO ABIERTO,PARQUE,"108",,,,,,,
59.4116844129,EA,ESPACIO ABIERTO,PARQUE,"109",,,,,,,
57.9674855795,EA,ESPACIO ABIERTO,PARQUE,"110",,,,,,,
57.1456897303,EA,ESPACIO ABIERTO,PARQUE,"111",,,,,,,
73.5766667296,EA,ESPACIO ABIERTO,PARQUE,"112",,,,,,,
434.804767236,EA,ESPACIO ABIERTO,ESPACIO ABIERTO,"113",,,,,,,
10585.8036044,EA,ESPACIO ABIERTO,PARQUE,"114",,,,,,,
113.406326682,BU,BALDIO URBANO,BALDIO URBANO,"115",,,,,,,
116.087376166,BU,BALDIO URBANO,BALDIO URBANO,"116",,,,,,,
104.612799891,BU,BALDIO URBANO,BALDIO URBANO,"117",,,,,,,
110.133951128,BU,BALDIO URBANO,BALDIO URBANO,"118",,,,,,,
106.207105115,BU,BALDIO URBANO,BALDIO URBANO,"119",,,,,,,
610.208579654,EA,ESPACIO ABIERTO,AREA VERDE PRIVADA,"120",,,,,,,
589.293845143,EA,ESPACIO ABIERTO,AREA VERDE PRIVADA,"121",,,,,,,
586.757774257,EA,ESPACIO ABIERTO,AREA VERDE PRIVADA,"122",,,,,,,
13123.9758056,EA,ESPACIO ABIERTO,ESPACIO ABIERTO,"123",PARQUE VILLITAS DEL OBISPO,"COLONIA VILLITAS DEL OBISPO , FRAY JUAN DE ZUMARRAGA",K1,PRINCIPAL,ÁREA PÚBLICA,ABIERTO,parque de barrio
5217.65437539,EA,ESPACIO ABIERTO,ESPACIO ABIERTO,"124",,,,,,,
8324.90017583,EA,ESPACIO ABIERTO,ESPACIO ABIERTO,"125",PARQUE VISTA DE LA MONTAÑA,"COLONIA SAN PEDRO 400 , PLATINO ORIENTE Y VIRGILIO CARDENAS",K1,PRINCIPAL,ÁREA PÚBLICA,ABIERTO,parque de barrio
562.180122807,EA,ESPACIO ABIERTO,PARQUE,"126",PARQUE PONIENTE VERDE,"COLONIA VILLITAS DEL OBISPO , CLOUTHIER Y ANTONIO DE SASEDON",K1,PRINCIPAL,ÁREA PÚBLICA,ABIERTO,parque de bolsillo
2911.18802463,EA,ESPACIO ABIERTO,PARQUE,"127",PARQUE LOS GIRASOLES,"COLONIA VILLAS DEL OBISPO , PROL. CLOUTHIER Y BENJAMIN HILL",K1,PRINCIPAL,ÁREA PÚBLICA,ABIERTO,parque de barrio
5395.06362301,EA,ESPACIO ABIERTO,ESPACIO ABIERTO,"128",PARQUE VISTA DE LA MONTAÑA,"COLONIA SAN PEDRO 400 , PLATINO ORIENTE Y VIRGILIO CARDENAS",K1,PRINCIPAL,ÁREA PÚBLICA,ABIERTO,parque de barrio
294.239430876,EA,ESPACIO ABIERTO,PARQUE,"129",PARQUE VERDE LIMON,"COLONIA VISTA MONTAÑA, EMILIANO ZAPATA Y NICEFORO ZAMBRANO",K1,PRINCIPAL,ÁREA PÚBLICA,ABIERTO,parque de barrio
3661.03077858,EA,ESPACIO ABIERTO,PARQUE,"130",PARQUE VERDE LIMON,"COLONIA VISTA MONTAÑA, EMILIANO ZAPATA Y NICEFORO ZAMBRANO",K1,PRINCIPAL,ÁREA PÚBLICA,ABIERTO,parque de barrio
2836.85266631,EA,ESPACIO ABIERTO,PARQUE,"131",,,,,,,
146.232001402,EA,ESPACIO ABIERTO,CAMELLON,"132",,,,,,,
1293.14503614,EA,ESPACIO ABIERTO,PARQUE,"133",,,,,,,
1137.17497198,EA,ESPACIO ABIERTO,PARQUE,"134",,,,,,,
1773.78259506,EA,ESPACIO ABIERTO,CAMELLON,"135",,,,,,,
56.5740897725,EA,ESPACIO ABIERTO,CAMELLON,"136",,,,,,,
898.868421135,EA,ESPACIO ABIERTO,CAMELLON,"137",ÁREA DEP. MANUEL J. CLOUTHIER (CORREGIDORA-CROMO),"SECTOR NORPONEINTE DE SAN PEDRO , CLOUTHIER / CORREGIDORA Y CROMO",K1,LINEAL,ÁREA PÚBLICA,ABIERTO,parque lineal
6549.32403322,EA,ESPACIO ABIERTO,PARQUE,"138",,,,,,,
6276.4177455,EA,ESPACIO ABIERTO,PARQUE,"139",,,,,,,
5630.87915009,EA,ESPACIO ABIERTO,CAMELLON,"140",,,,,,,
5096.59545361,EA,ESPACIO ABIERTO,CAMELLON,"141",,,,,,,
4897.26718546,EA,ESPACIO ABIERTO,CAMELLON,"142",,,,,,,
7583.5584598,EA,ESPACIO ABIERTO,PARQUE,"143",,,,,,,
1350.62352394,EA,ESPACIO ABIERTO,PARQUE,"144",,,,,,,
4934.25716671,EA,ESPACIO ABIERTO,PARQUE,"145",,,,,,,
4155.29949633,EA,ESPACIO ABIERTO,CAMELLON,"146",,,,,,,
4367.50786436,EA,ESPACIO ABIERTO,CAMELLON,"147",,,,,,,
3493.02059005,EA,ESPACIO ABIERTO,CAMELLON,"148",,,,,,,
8765.60462014,EA,ESPACIO ABIERTO,PARQUE,"149",,,,,,,
450.967819254,EA,ESPACIO ABIERTO,PARQUE,"150",,,,,,,
381.681458226,EA,ESPACIO ABIERTO,CAMELLON,"151",,,,,,,
161.349394734,EA,ESPACIO ABIERTO,CAMELLON,"152",,,,,,,
743.482335267,EA,ESPACIO ABIERTO,CAMELLON,"153",,,,,,,
203.290513549,EA,ESPACIO ABIERTO,ESPACIO ABIERTO,"154",,,,,,,
69.0886465638,EA,ESPACIO ABIERTO,ESPACIO ABIERTO,"155",,,,,,,
201.546635528,EA,ESPACIO ABIERTO,ESPACIO ABIERTO,"156",,,,,,,
148.39445543,EA,ESPACIO ABIERTO,CAMELLON,"157",,,,,,,
115.535329783,EA,ESPACIO ABIERTO,CAMELLON,"158",,,,,,,
55.2266805833,EA,ESPACIO ABIERTO,CAMELLON,"159",,,,,,,
92.4064415282,EA,ESPACIO ABIERTO,CAMELLON,"160",,,,,,,
125.541777587,EA,ESPACIO ABIERTO,CAMELLON,"161",,,,,,,
52.771900894,EA,ESPACIO ABIERTO,CAMELLON,"162",,,,,,,
116.563648219,EA,ESPACIO ABIERTO,CAMELLON,"163",,,,,,,
150.785473907,EA,ESPACIO ABIERTO,CAMELLON,"164",,,,,,,
115.114813335,EA,ESPACIO ABIERTO,CAMELLON,"165",,,,,,,
97.8882794296,EA,ESPACIO ABIERTO,CAMELLON,"166",,,,,,,
46.9995331732,EA,ESPACIO ABIERTO,CAMELLON,"167",,,,,,,
140.215367143,EA,ESPACIO ABIERTO,CAMELLON,"168",,,,,,,
221.319440418,EA,ESPACIO ABIERTO,CAMELLON,"169",,,,,,,
32.917407492,EA,ESPACIO ABIERTO,ROTONDA,"170",,,,,,,
124.35087773,EA,ESPACIO ABIERTO,CAMELLON,"171",,,,,,,
152.846659943,EA,ESPACIO ABIERTO,CAMELLON,"172",,,,,,,
63.2024585409,EA,ESPACIO ABIERTO,CAMELLON,"173",,,,,,,
1659.21503154,EA,ESPACIO ABIERTO,ESPACIO ABIERTO,"174",,,,,,,
3032.98539036,EA,ESPACIO ABIERTO,PARQUE,"175",,,,,,,
181.625587883,EA,ESPACIO ABIERTO,CAMELLON,"176",,,,,,,
352.050308547,EA,ESPACIO ABIERTO,ESPACIO ABIERTO,"177",,,,,,,
167.368981585,EA,ESPACIO ABIERTO,ESPACIO ABIERTO,"178",,,,,,,
7939.74220472,EA,ESPACIO ABIERTO,ESPACIO ABIERTO,"179",,,,,,,
7891.23650689,EA,ESPACIO ABIERTO,ESPACIO ABIERTO,"180",,,,,,,
19.5199841688,EA,ESPACIO ABIERTO,ESPACIO ABIERTO,"181",,,,,,,
499.106219732,EA,ESPACIO ABIERTO,ESPACIO ABIERTO,"182",,,,,,,
202.447169478,EA,ESPACIO ABIERTO,ESPACIO ABIERTO,"183",,,,,,,
2743.31951991,EA,ESPACIO ABIERTO,PARQUE,"184",,,,,,,
6629.60366802,EA,ESPACIO ABIERTO,PARQUE,"185",,,,,,,
8628.87851524,EA,ESPACIO ABIERTO,PARQUE,"186",,,,,,,
63.246170892,EA,ESPACIO ABIERTO,PARQUE,"187",,,,,,,
14896.7025007,EA,ESPACIO ABIERTO,PARQUE,"188",PARQUE SAN EVARISTO,"COLONIA VILLAS DEL OBISPO , CALLE LANDON  Y SAN EVARISTO",K1,PRINCIPAL,ÁREA PÚBLICA,ABIERTO,parque de barrio
68.9299225891,BU,BALDIO URBANO,BALDIO URBANO,"189",,,,,,,
613.347489043,EA,ESPACIO ABIERTO,ESPACIO ABIERTO,"190",,,,,,,
1256.39113555,EA,ESPACIO ABIERTO,PARQUE,"191",,,,,,,
2260.27998847,EA,ESPACIO ABIERTO,PARQUE,"192",,,,,,,
797.501725678,EA,ESPACIO ABIERTO,PARQUE,"193",,,,,,,
5096.01783762,EA,ESPACIO ABIERTO,PARQUE,"194",,,,,,,
194.347974256,EA,ESPACIO ABIERTO,PARQUE,"195",,,,,,,
24066.9516128,EA,ESPACIO ABIERTO,PARQUE,"196",,,,,,,
495.102577006,HU,HABITACIONAL UNIFAMILIAR,HABITACIONAL UNIFAMILIAR,"197",,,,,,,
24120.7109632,EA,ESPACIO ABIERTO,PARQUE,"198",,,,,,,
1176.81108433,EA,ESPACIO ABIERTO,ESPACIO ABIERTO,"199",,,,,,,
45.6947819284,EA,ESPACIO ABIERTO,ESPACIO ABIERTO,"200",,,,,,,
3357.76790044,EA,ESPACIO ABIERTO,PARQUE,"201",,,,,,,
163.544736772,EA,ESPACIO ABIERTO,ESPACIO ABIERTO,"202",,,,,,,
242.351068709,EA,ESPACIO ABIERTO,ESPACIO ABIERTO,"203",,,,,,,
13782.3152333,EA,ESPACIO ABIERTO,PARQUE,"204",,,,,,,
10282.310534,EA,ESPACIO ABIERTO,PARQUE,"205",,,,,,,
1438.14211323,EA,ESPACIO ABIERTO,PARQUE,"206",,,,,,,
12423.9645899,EA,ESPACIO ABIERTO,PARQUE,"207",,,,,,,
13883.621722,EA,ESPACIO ABIERTO,PARQUE,"208",,,,,,,
15623.6900286,EA,ESPACIO ABIERTO,PARQUE,"209",,,,,,,
76.7536966799,EA,ESPACIO ABIERTO,ESPACIO ABIERTO,"210",,,,,,,
306.354693908,EA,ESPACIO ABIERTO,ESPACIO ABIERTO,"211",,,,,,,
130.595076877,EA,ESPACIO ABIERTO,ESPACIO ABIERTO,"212",,,,,,,
6939.28688136,EA,ESPACIO ABIERTO,PARQUE,"213",,,,,,,
78.0788801605,EA,ESPACIO ABIERTO,CAMELLON,"214",,,,,,,
156.389894302,EA,ESPACIO ABIERTO,CAMELLON,"215",,,,,,,
555.775383612,EA,ESPACIO ABIERTO,PARQUE,"216",,,,,,,
230.003180275,EA,ESPACIO ABIERTO,PARQUE,"217",,,,,,,
357.529787663,EA,ESPACIO ABIERTO,PARQUE,"218",,,,,,,
42.7855011175,EA,ESPACIO ABIERTO,ESPACIO ABIERTO,"219",,,,,,,
37.0905174742,EA,ESPACIO ABIERTO,PARQUE,"220",,,,,,,
103.24170989,EA,ESPACIO ABIERTO,PARQUE,"221",,,,,,,
214.465669108,EA,ESPACIO ABIERTO,PARQUE,"222",,,,,,,
27.5832593688,EA,ESPACIO ABIERTO,PARQUE,"223",,,,,,,
754.619962397,EA,ESPACIO ABIERTO,CAMELLON,"224",,,,,,,
100777.481082,EA,ESPACIO ABIERTO,PARQUE,"225",,,,,,,
112.756727797,EA,ESPACIO ABIERTO,CAMELLON,"226",,,,,,,
10206.8797172,EA,ESPACIO ABIERTO,PARQUE,"227",,,,,,,
10023.9806925,EA,ESPACIO ABIERTO,PARQUE Y CANCHAS,"228",POLIDEPORTIVO REVOLUCIÓN,COLONIA REVOUCION 4º PLATINO ORIENTE Y RODOLFO GAYTAN,K1,PRINCIPAL,ÁREA PÚBLICA,ABIERTO,parque de barrio
9335.83936623,EA,ESPACIO ABIERTO,PARQUE Y CANCHAS,"229",POLIDEPORTIVO REVOLUCIÓN,COLONIA REVOUCION 4º PLATINO ORIENTE Y RODOLFO GAYTAN,K1,PRINCIPAL,ÁREA PÚBLICA,ABIERTO,parque de barrio
884.538113632,EA,ESPACIO ABIERTO,CAMELLON,"230",,,,,,,
9.05591593446,EA,ESPACIO ABIERTO,CAMELLON,"231",,,,,,,
213.541670812,EA,ESPACIO ABIERTO,CAMELLON,"232",,,,,,,
80.0113744089,EA,ESPACIO ABIERTO,CAMELLON,"233",,,,,,,
49.8742929068,EA,ESPACIO ABIERTO,ROTONDA,"234",,,,,,,
295.951068422,EA,ESPACIO ABIERTO,PARQUE,"235",,,,,,,
37171.1531695,EA,ESPACIO ABIERTO,ESPACIO ABIERTO,"236",,,,,,,
1713.35707013,EA,ESPACIO ABIERTO,PARQUE,"237",,,,,,,
221.933839671,EA,ESPACIO ABIERTO,PARQUE,"238",,,,,,,
112.985339244,EA,ESPACIO ABIERTO,PARQUE,"239",PARQUE LINEAL LOS PINOS,"COL. LOS PINOS , CALLE SOFÍA TRAMO ART, 27 A TERMINAL SOFIA LADO ORIENTE",K1,LINEAL,ÁREA PÚBLICA,ABIERTO,parque de bolsillo
204.276802989,EA,ESPACIO ABIERTO,ESPACIO ABIERTO,"240",,,,,,,
138.477346826,EA,ESPACIO ABIERTO,ESPACIO ABIERTO,"241",,,,,,,
114.916356935,HU,HABITACIONAL UNIFAMILIAR,HABITACIONAL UNIFAMILIAR,"242",,,,,,,
36.3260672358,HU,HABITACIONAL UNIFAMILIAR,HABITACIONAL UNIFAMILIAR,"243",,,,,,,
630.511616997,EA,ESPACIO ABIERTO,ESPACIO ABIERTO,"244",JESÚS M. GARZA EN MORONES PRIETO,COLONIA JESUS M. GARZA Y AV. MORONES PRIETO,K1,PRINCIPAL,ÁREA PÚBLICA,ABIERTO,parque de bolsillo
445.309356097,EA,ESPACIO ABIERTO,ESPACIO ABIERTO,"245",,,,,,,
1328.44599344,EA,ESPACIO ABIERTO,PARQUE,"246",JESUS M. GARZA,"COLONIA JESUS M. GARZA ,  AV. MORONES PRIETO Y GRAL. FRANCISCO VILLA",K1,PRINCIPAL,ÁREA PÚBLICA,ABIERTO,parque de bolsillo
9.33068684145,EA,ESPACIO ABIERTO,PARQUE,"247",,,,,,,
36.2797627586,EA,ESPACIO ABIERTO,ESPACIO ABIERTO,"248",,,,,,,
509.004560393,EA,ESPACIO ABIERTO,ESPACIO ABIERTO,"249",,,,,,,
924.006660801,EA,ESPACIO ABIERTO,PARQUE,"250",LUÍS ECHEVERRÍA EN IGLESIA,"COLONIA FRANCISCO VILLA , CALLE FRANCISCO VILLA",K1,LINEAL,ÁREA PÚBLICA,ABIERTO,parque de bolsillo
296.312639344,EA,ESPACIO ABIERTO,PARQUE,"251",,,,,,,
444.999920388,EA,ESPACIO ABIERTO,PARQUE,"252",,,,,,,
2782.85987439,EA,ESPACIO ABIERTO,PARQUE,"253",LUCIO BLANCO 1er SECTOR,COLONIA LUCIO BLANCO 1er SECTOR JIMENEZ Y MARIA CANTU TREVIÑO,K1,BARRIAL,ÁREA PÚBLICA,ABIERTO,parque de barrio
324.402375494,EA,ESPACIO ABIERTO,PARQUE,"254",,,,,,,
616.806498304,EA,ESPACIO ABIERTO,ESPACIO ABIERTO,"255",,,,,,,
104.240815185,EA,ESPACIO ABIERTO,PARQUE,"256",,,,,,,
227.852965068,EA,ESPACIO ABIERTO,CAMELLON,"257",,,,,,,
1422.96800175,EA,ESPACIO ABIERTO,PARQUE,"258",,,,,,,
133.340337415,EA,ESPACIO ABIERTO,PARQUE,"259",,,,,,,
3020.83847446,EA,ESPACIO ABIERTO,PARQUE,"260",PARQUE LINEAL PLAN DE AYALA,"COLONIA PLAN DE AYALA , CALLE PALMAS TRAMO JIMENEZ - LIMITE CON MPIO. SANTA CATARINA",K1,LINEAL,ÁREA PÚBLICA,ABIERTO,parque lineal
161.451556571,EA,ESPACIO ABIERTO,ESPACIO ABIERTO,"261",,,,,,,
40.6453608538,EA,ESPACIO ABIERTO,ESPACIO ABIERTO,"262",,,,,,,
46.2595593549,HU,HABITACIONAL UNIFAMILIAR,HABITACIONAL UNIFAMILIAR,"263",,,,,,,
22.665506411,HU,HABITACIONAL UNIFAMILIAR,HABITACIONAL UNIFAMILIAR,"264",,,,,,,
5667.14216319,EA,ESPACIO ABIERTO,PARQUE,"265",,,,,,,
57.8791536322,EA,ESPACIO ABIERTO,ESPACIO ABIERTO,"266",,,,,,,
4748.94315016,EA,ESPACIO ABIERTO,PARQUE,"267",,,,,,,
58681.1096206,EA,ESPACIO ABIERTO,ESPACIO ABIERTO,"268",,,,,,,
384.777490167,EA,ESPACIO ABIERTO,ESPACIO ABIERTO,"269",,,,,,,
1583.54265035,EA,ESPACIO ABIERTO,PARQUE,"270",LUCIO BLANCO EN PLAN DEL RÍO,"COLONIA LUCIO BLANCO 2º SECTOR , CALLE PLAN DEL RIO",K1,LINEAL,ÁREA PÚBLICA,ABIERTO,parque de barrio
2966.06893762,EA,ESPACIO ABIERTO,PARQUE,"271",,,,,,,
474.438587209,EA,ESPACIO ABIERTO,CAMELLON,"272",,,,,,,
1483.95580097,EA,ESPACIO ABIERTO,PARQUE,"273",,,,,,,
220.121355948,EA,ESPACIO ABIERTO,PARQUE,"274",,,,,,,
1520.20736344,EA,ESPACIO ABIERTO,PARQUE,"275",,,,,,,
813.336496847,EA,ESPACIO ABIERTO,PARQUE,"276",,,,,,,
210.772932067,EA,ESPACIO ABIERTO,CAMELLON,"277",,,,,,,
2046.27559782,EA,ESPACIO ABIERTO,PARQUE,"278",ÁREA DEP. MANUEL J. CLOUTHIER (CORREGIDORA-CROMO),"SECTOR NORPONEINTE DE SAN PEDRO , CLOUTHIER / CORREGIDORA Y CROMO",K1,LINEAL,ÁREA PÚBLICA,ABIERTO,parque lineal
666.271916758,EA,ESPACIO ABIERTO,ESPACIO ABIERTO,"279",,,,,,,
136.8136955,EA,ESPACIO ABIERTO,CAMELLON,"280",,,,,,,
510.98455125,EA,ESPACIO ABIERTO,ESPACIO ABIERTO,"281",,,,,,,
996.707801806,EA,ESPACIO ABIERTO,CAMELLON,"282",,,,,,,
974.148669159,EA,ESPACIO ABIERTO,CAÑADA,"283",,,,,,,
742.442753951,EA,ESPACIO ABIERTO,CAÑADA,"284",,,,,,,
198.905854724,EA,ESPACIO ABIERTO,CAMELLON,"285",,,,,,,
94.234783635,EA,ESPACIO ABIERTO,CAMELLON,"286",,,,,,,
593.281392353,EA,ESPACIO ABIERTO,PARQUE,"287",,,,,,,
3424.10066247,EA,ESPACIO ABIERTO,PARQUE,"288",,,,,,,
4082.18394246,EA,ESPACIO ABIERTO,PARQUE,"289",,,,,,,
283.859152448,EA,ESPACIO ABIERTO,PARQUE,"290",,,,,,,
234.597391005,EA,ESPACIO ABIERTO,ESPACIO ABIERTO,"291",,,,,,,
300212.392406,EA,ESPACIO ABIERTO,ESPACIO ABIERTO,"292",,,,,,,
1232.7835111,EA,ESPACIO ABIERTO,PARQUE,"293",,,,,,,
120.00133012,DP,DERECHO DE PASO,DERECHO DE PASO,"294",,,,,,,
12.0094003327,EA,ESPACIO ABIERTO,PARQUE,"295",,,,,,,
2453.18160856,EA,ESPACIO ABIERTO,ESPACIO ABIERTO,"296",,,,,,,
1132.73860046,EA,ESPACIO ABIERTO,ESPACIO ABIERTO,"297",,,,,,,
2790.44629029,EA,ESPACIO ABIERTO,PARQUE,"298",PARQUE SEDESOL (CAÑADA ),"COLONIA VILLAS DEL OBISPO , ALEJANDRO VI Y EULALIO GUZMAN",K1,PRINCIPAL,ÁREA PÚBLICA,ABIERTO,parque urbano
24.6266422133,EA,ESPACIO ABIERTO,ESPACIO ABIERTO,"299",,,,,,,
1007.18672903,EA,ESPACIO ABIERTO,PARQUE,"300",,,,,,,
119.999166055,DP,DERECHO DE PASO,DERECHO DE PASO,"301",,,,,,,
60.2426476671,S,SERVICIOS,CASETA,"302",,,,,,,
2064.70714055,EA,ESPACIO ABIERTO,PARQUE,"303",,,,,,,
38.8655661567,EA,ESPACIO ABIERTO,ESPACIO ABIERTO,"304",,,,,,,
5049.82312079,EA,ESPACIO ABIERTO,PARQUE,"305",,,,,,,
4610.71112735,EA,ESPACIO ABIERTO,PARQUE,"306",PARQUE SAN EVARISTO,"COLONIA VILLAS DEL OBISPO , CALLE LANDON  Y SAN EVARISTO",K1,PRINCIPAL,ÁREA PÚBLICA,ABIERTO,parque de barrio
4496.2620843,EA,ESPACIO ABIERTO,PARQUE,"307",PARQUE SAN EVARISTO,"COLONIA VILLAS DEL OBISPO , CALLE LANDON  Y SAN EVARISTO",K1,PRINCIPAL,ÁREA PÚBLICA,ABIERTO,parque de barrio
11.9757155374,EA,ESPACIO ABIERTO,PARQUE,"308",,,,,,,
51.3555020525,EA,ESPACIO ABIERTO,ESPACIO ABIERTO,"309",,,,,,,
12.1724333972,EA,ESPACIO ABIERTO,PARQUE,"310",,,,,,,
100.627917919,EA,ESPACIO ABIERTO,PARQUE,"311",,,,,,,
252.219150184,EA,ESPACIO ABIERTO,ESPACIO ABIERTO,"312",,,,,,,
131.9844016,EA,ESPACIO ABIERTO,ESPACIO ABIERTO,"313",,,,,,,
238.407465582,EA,ESPACIO ABIERTO,ESPACIO ABIERTO,"314",,,,,,,
4789.5910797,EA,ESPACIO ABIERTO,CAÑADA,"315",,,,,,,
76.6690380395,EA,ESPACIO ABIERTO,ESPACIO ABIERTO,"316",,,,,,,
4143.65378137,EA,ESPACIO ABIERTO,PARQUE,"317",,,,,,,
1672.38399066,EA,ESPACIO ABIERTO,PARQUE,"318",,,,,,,
99.2367929811,EA,ESPACIO ABIERTO,PARQUE,"319",,,,,,,
98.5346774598,EA,ESPACIO ABIERTO,CAMELLON,"320",,,,,,,
109.90222693,EA,ESPACIO ABIERTO,CAMELLON,"321",,,,,,,
76.5286609149,EA,ESPACIO ABIERTO,CAMELLON,"322",,,,,,,
6961.49292083,EA,ESPACIO ABIERTO,ESPACIO ABIERTO,"323",,,,,,,
8231.49166623,EA,ESPACIO ABIERTO,PARQUE,"324",,,,,,,
2925.24920128,EA,ESPACIO ABIERTO,PARQUE,"325",,,,,,,
519.991976945,EA,ESPACIO ABIERTO,PARQUE,"326",,,,,,,
314.552051016,EA,ESPACIO ABIERTO,CAMELLON,"327",,,,,,,
76.4436079262,EA,ESPACIO ABIERTO,CAMELLON,"328",,,,,,,
293.252738268,EA,ESPACIO ABIERTO,ESPACIO ABIERTO,"329",,,,,,,
57.2546464835,EA,ESPACIO ABIERTO,ESPACIO ABIERTO,"330",,,,,,,
148.623804142,EA,ESPACIO ABIERTO,CAMELLON,"331",,,,,,,
48.2382459428,EA,ESPACIO ABIERTO,ESPACIO ABIERTO,"332",,,,,,,
53.5917680842,EA,ESPACIO ABIERTO,ESPACIO ABIERTO,"333",,,,,,,
100.120160893,EA,ESPACIO ABIERTO,ESPACIO ABIERTO,"334",,,,,,,
28.4350243628,EA,ESPACIO ABIERTO,ESPACIO ABIERTO,"335",,,,,,,
30.7248834342,EA,ESPACIO ABIERTO,ESPACIO ABIERTO,"336",,,,,,,
14.2102379496,EA,ESPACIO ABIERTO,ESPACIO ABIERTO,"337",,,,,,,
15.3533532664,EA,ESPACIO ABIERTO,ESPACIO ABIERTO,"338",,,,,,,
122.309711564,EA,ESPACIO ABIERTO,AREA COMUN,"339",,,,,,,
33.5909209099,EA,ESPACIO ABIERTO,ESPACIO ABIERTO,"340",,,,,,,
225.573841647,EA,ESPACIO ABIERTO,CAMELLON,"341",,,,,,,
128.74520518,EA,ESPACIO ABIERTO,PARQUE,"342",,,,,,,
82.3772986827,EA,ESPACIO ABIERTO,PARQUE,"343",,,,,,,
1977.90275897,EA,ESPACIO ABIERTO,PARQUE,"344",,,,,,,
111.099093633,EA,ESPACIO ABIERTO,CAMELLON,"345",,,,,,,
117.781637907,EA,ESPACIO ABIERTO,CAMELLON,"346",,,,,,,
113.728407744,EA,ESPACIO ABIERTO,CAMELLON,"347",,,,,,,
25.3493293281,EA,ESPACIO ABIERTO,CAMELLON,"348",,,,,,,
176.133290871,EA,ESPACIO ABIERTO,ESPACIO ABIERTO,"349",,,,,,,
196.137948865,EA,ESPACIO ABIERTO,CAMELLON,"350",,,,,,,
118.885184696,EA,ESPACIO ABIERTO,PARQUE,"351",,,,,,,
2992.54569332,EA,ESPACIO ABIERTO,PARQUE,"352",,,,,,,
23.7217462494,EA,ESPACIO ABIERTO,CAMELLON,"353",,,,,,,
101.615520315,EA,ESPACIO ABIERTO,ESPACIO ABIERTO,"354",,,,,,,
1053.61978719,DP,DERECHO DE PASO,DERECHO DE PASO,"355",,,,,,,
47.6202766755,EA,ESPACIO ABIERTO,CAMELLON,"356",,,,,,,
348.356423943,EA,ESPACIO ABIERTO,PARQUE,"357",,,,,,,
48.508819937,EA,ESPACIO ABIERTO,PARQUE,"358",,,,,,,
43.8208066004,EA,ESPACIO ABIERTO,ESPACIO ABIERTO,"359",,,,,,,
167.34842495,EA,ESPACIO ABIERTO,PARQUE,"360",,,,,,,
66.7060187847,EA,ESPACIO ABIERTO,PARQUE,"361",,,,,,,
9.22958838858,EA,ESPACIO ABIERTO,ESPACIO ABIERTO,"362",,,,,,,
13.1537737952,EA,ESPACIO ABIERTO,ESPACIO ABIERTO,"363",,,,,,,
17.9364366404,EA,ESPACIO ABIERTO,ESPACIO ABIERTO,"364",,,,,,,
12.681303204,EA,ESPACIO ABIERTO,ESPACIO ABIERTO,"365",,,,,,,
7.90394818536,EA,ESPACIO ABIERTO,ESPACIO ABIERTO,"366",,,,,,,
190.026628824,EA,ESPACIO ABIERTO,PARQUE,"367",,,,,,,
1151.68835758,EA,ESPACIO ABIERTO,PARQUE,"368",PARQUE DE BOLSILLO LUCIO BLANCO 3er SECTOR,"COLONIA LUCIO BLANCO , LATERAL AV. MORONES PRIETO Y JIMENEZ",K1,BOLSILLO,ÁREA PÚBLICA,ABIERTO,parque de bolsillo
1014.58946771,EA,ESPACIO ABIERTO,CAMELLON,"369",,,,,,,
1002.4593627,EA,ESPACIO ABIERTO,CAMELLON,"370",,,,,,,
45.9001459397,EA,ESPACIO ABIERTO,CAMELLON,"371",,,,,,,
426.415430469,EA,ESPACIO ABIERTO,PARQUE,"372",PARQUE DE BOLSILLO SAN FRANCISCO,LATERAL DE AV. MORONES PRIETO Y LIBERTAD,K1,BOLSILLO,ÁREA PÚBLICA,ABIERTO,parque de bolsillo
25.8076805396,EA,ESPACIO ABIERTO,ROTONDA,"373",,,,,,,
1490.42757967,EA,ESPACIO ABIERTO,CAMELLON,"374",,,,,,,
156.538615976,EA,ESPACIO ABIERTO,CAMELLON,"375",,,,,,,
499.841739484,EA,ESPACIO ABIERTO,PARQUE,"376",ANDADOR CORREGIDORA Y CLOUTHIER,"COLONIA VILLAS DEL OBISPO , CLOUTHIER Y ANDADOR CORRGIDORA",K1,PRINCIPAL,ÁREA PÚBLICA,ABIERTO,parque de bolsillo
359.481124615,EA,ESPACIO ABIERTO,CAMELLON,"377",,,,,,,
580.956801196,EA,ESPACIO ABIERTO,CAMELLON,"378",,,,,,,
60.7449362811,EA,ESPACIO ABIERTO,CAMELLON,"379",,,,,,,
62.9613318624,EA,ESPACIO ABIERTO,CAMELLON,"380",,,,,,,
98.7316530274,EA,ESPACIO ABIERTO,CAMELLON,"381",,,,,,,
194.191233578,EA,ESPACIO ABIERTO,CAMELLON,"382",,,,,,,
58.6177141512,EA,ESPACIO ABIERTO,CAMELLON,"383",,,,,,,
60.4419568103,EA,ESPACIO ABIERTO,CAMELLON,"384",,,,,,,
74.5294670266,EA,ESPACIO ABIERTO,CAMELLON,"385",,,,,,,
62.1801518015,EA,ESPACIO ABIERTO,CAMELLON,"386",,,,,,,
66.3813591557,EA,ESPACIO ABIERTO,CAMELLON,"387",,,,,,,
152.342922159,EA,ESPACIO ABIERTO,CAMELLON,"388",,,,,,,
73.3008468569,EA,ESPACIO ABIERTO,CAMELLON,"389",,,,,,,
115.751232892,EA,ESPACIO ABIERTO,PARQUE,"390",,,,,,,
5173.02579627,EA,ESPACIO ABIERTO,CAMELLON,"391",,,,,,,
4680.81167596,EA,ESPACIO ABIERTO,CAMELLON,"392",,,,,,,
3295.83663678,EA,ESPACIO ABIERTO,CAMELLON,"393",,,,,,,
936.162336962,EA,ESPACIO ABIERTO,CAMELLON,"394",,,,,,,
236.701730597,EA,ESPACIO ABIERTO,CAMELLON,"395",,,,,,,
128.875705781,EA,ESPACIO ABIERTO,CAMELLON,"396",,,,,,,
143.717144726,EA,ESPACIO ABIERTO,CAMELLON,"397",,,,,,,
2281.23890841,EA,ESPACIO ABIERTO,ESPACIO ABIERTO,"398",,,,,,,
2046.4517325,EA,ESPACIO ABIERTO,PARQUE,"399",,,,,,,
48.384130842,EA,ESPACIO ABIERTO,CAMELLON,"400",,,,,,,
235.41000574,EA,ESPACIO ABIERTO,CAMELLON,"401",,,,,,,
450.161910481,EA,ESPACIO ABIERTO,CAMELLON,"402",,,,,,,
343.497319612,EA,ESPACIO ABIERTO,CAMELLON,"403",,,,,,,
252.922017034,EA,ESPACIO ABIERTO,CAMELLON,"404",,,,,,,
282.32023298,EA,ESPACIO ABIERTO,CAMELLON,"405",,,,,,,
292.61136035,EA,ESPACIO ABIERTO,CAMELLON,"406",,,,,,,
94.9660219291,EA,ESPACIO ABIERTO,CAMELLON,"407",,,,,,,
425.615136769,EA,ESPACIO ABIERTO,CAMELLON,"408",,,,,,,
373.109225158,EA,ESPACIO ABIERTO,CAMELLON,"409",,,,,,,
1790.04349295,EA,ESPACIO ABIERTO,CAMELLON,"410",,,,,,,
223.335641609,EA,ESPACIO ABIERTO,CAMELLON,"411",,,,,,,
152.720067423,EA,ESPACIO ABIERTO,PARQUE,"412",,,,,,,
826.921508564,EA,ESPACIO ABIERTO,PARQUE,"413",,,,,,,
1255.02330172,EA,ESPACIO ABIERTO,PARQUE,"414",,,,,,,
141.478440913,EA,ESPACIO ABIERTO,PARQUE,"415",,,,,,,
100.825557121,EA,ESPACIO ABIERTO,PARQUE,"416",,,,,,,
76.9507752502,EA,ESPACIO ABIERTO,PARQUE,"417",,,,,,,
106.370175187,EA,ESPACIO ABIERTO,PARQUE,"418",,,,,,,
235.091945916,EA,ESPACIO ABIERTO,PARQUE,"419",,,,,,,
209.813261763,EA,ESPACIO ABIERTO,PARQUE,"420",,,,,,,
383.822218905,EA,ESPACIO ABIERTO,PARQUE,"421",,,,,,,
387.996856448,EA,ESPACIO ABIERTO,PARQUE,"422",,,,,,,
404.494626213,EA,ESPACIO ABIERTO,PARQUE,"423",,,,,,,
178.168033949,EA,ESPACIO ABIERTO,PARQUE,"424",,,,,,,
695.606743699,EA,ESPACIO ABIERTO,PARQUE,"425",,,,,,,
364.281740132,EA,ESPACIO ABIERTO,CAMELLON,"426",,,,,,,
98.6699386192,EA,ESPACIO ABIERTO,CAMELLON,"427",,,,,,,
14.4705692553,EA,ESPACIO ABIERTO,CAMELLON,"428",,,,,,,
93.7052993778,EA,ESPACIO ABIERTO,CAMELLON,"429",,,,,,,
2364.60379167,EA,ESPACIO ABIERTO,CAMELLON,"430",,,,,,,
1207.63694428,EA,ESPACIO ABIERTO,ESPACIO ABIERTO,"431",,,,,,,
119061.98677,EA,ESPACIO ABIERTO,ESPACIO ABIERTO,"432",,,,,,,
14664.0191896,EA,ESPACIO ABIERTO,ESPACIO ABIERTO,"433",,,,,,,
67.5357398073,EA,ESPACIO ABIERTO,CAMELLON,"434",,,,,,,
156.424386482,EA,ESPACIO ABIERTO,CAMELLON,"435",,,,,,,
80.2128403313,EA,ESPACIO ABIERTO,CAMELLON,"436",,,,,,,
69.1518497263,EA,ESPACIO ABIERTO,CAMELLON,"437",,,,,,,
114.576421644,EA,ESPACIO ABIERTO,CAMELLON,"438",,,,,,,
2143.86055758,EA,ESPACIO ABIERTO,CAMELLON,"439",,,,,,,
4253.77233847,EA,ESPACIO ABIERTO,CAMELLON,"440",,,,,,,
436.240897776,EA,ESPACIO ABIERTO,CAMELLON,"441",,,,,,,
263.381534822,EA,ESPACIO ABIERTO,CAMELLON,"442",,,,,,,
897.764080177,EA,ESPACIO ABIERTO,CAMELLON,"443",,,,,,,
845.478853086,EA,ESPACIO ABIERTO,CAMELLON,"444",,,,,,,
769.587582448,EA,ESPACIO ABIERTO,CAMELLON,"445",,,,,,,
389.09043836,EA,ESPACIO ABIERTO,CAMELLON,"446",,,,,,,
322.000155083,EA,ESPACIO ABIERTO,ESPACIO ABIERTO,"447",,,,,,,
997.844285415,EA,ESPACIO ABIERTO,CAMELLON,"448",,,,,,,
964.377159375,EA,ESPACIO ABIERTO,CAMELLON,"449",,,,,,,
509.413829623,EA,ESPACIO ABIERTO,CAMELLON,"450",,,,,,,
189.187160433,EA,ESPACIO ABIERTO,CAMELLON,"451",,,,,,,
274.949268461,EA,ESPACIO ABIERTO,CAMELLON,"452",,,,,,,
197.991172396,EA,ESPACIO ABIERTO,CAMELLON,"453",,,,,,,
459.230982178,EA,ESPACIO ABIERTO,CAMELLON,"454",,,,,,,
807.345652703,EA,ESPACIO ABIERTO,ESPACIO ABIERTO,"455",,,,,,,
147.995993745,EA,ESPACIO ABIERTO,ESPACIO ABIERTO,"456",,,,,,,
284.621285039,EA,ESPACIO ABIERTO,PARQUE,"457",,,,,,,
310.569547645,EA,ESPACIO ABIERTO,PARQUE,"458",,,,,,,
437.919982623,EA,ESPACIO ABIERTO,PARQUE,"459",,,,,,,
312.789063,EA,ESPACIO ABIERTO,ESPACIO ABIERTO,"460",,,,,,,
508.22217244,EA,ESPACIO ABIERTO,CAMELLON,"461",,,,,,,
4129.13427944,EA,ESPACIO ABIERTO,ESPACIO ABIERTO,"462",,,,,,,
133.190645318,EA,ESPACIO ABIERTO,ESPACIO ABIERTO,"463",,,,,,,
2785.8824219,EA,ESPACIO ABIERTO,PARQUE,"464",PARQUE FRATERNIDAD,"COLONIA SAN PEDRO 400, URANIO Y CLOUTHIER",K1,PRINCIPAL,ÁREA PÚBLICA,ABIERTO,parque lineal
272.885587025,EA,ESPACIO ABIERTO,CAMELLON,"465",,,,,,,
30.1751616042,EA,ESPACIO ABIERTO,ESPACIO ABIERTO,"466",,,,,,,
97.4433189789,EA,ESPACIO ABIERTO,PARQUE,"467",,,,,,,
10.3315735996,EA,ESPACIO ABIERTO,ESPACIO ABIERTO,"468",,,,,,,
353.668475507,EA,ESPACIO ABIERTO,PARQUE,"469",,,,,,,
616.252616122,EA,ESPACIO ABIERTO,CAMELLON,"470",,,,,,,
386.279979345,EA,ESPACIO ABIERTO,CAMELLON,"471",,,,,,,
2322.00643851,EA,ESPACIO ABIERTO,CAMELLON,"472",,,,,,,
132.482724277,EA,ESPACIO ABIERTO,CAMELLON,"473",,,,,,,
17.7576563754,EA,ESPACIO ABIERTO,CAMELLON,"474",,,,,,,
246.95914884,EA,ESPACIO ABIERTO,CAMELLON,"475",,,,,,,
1343.26611213,EA,ESPACIO ABIERTO,CAMELLON,"476",,,,,,,
563.847731335,EA,ESPACIO ABIERTO,CAMELLON,"477",,,,,,,
28.6427792166,EA,ESPACIO ABIERTO,CAMELLON,"478",,,,,,,
1950.11271704,EA,ESPACIO ABIERTO,CAÑADA,"479",,,,,,,
44.2288156004,EA,ESPACIO ABIERTO,ESPACIO ABIERTO,"480",,,,,,,
82.1569177295,EA,ESPACIO ABIERTO,ESPACIO ABIERTO,"481",,,,,,,
79.4763072504,EA,ESPACIO ABIERTO,ESPACIO ABIERTO,"482",,,,,,,
60.2569473529,EA,ESPACIO ABIERTO,ESPACIO ABIERTO,"483",,,,,,,
60.4602130702,EA,ESPACIO ABIERTO,ESPACIO ABIERTO,"484",,,,,,,
914.604144067,EA,ESPACIO ABIERTO,ESPACIO ABIERTO,"485",,,,,,,
642.941699064,EA,ESPACIO ABIERTO,ESPACIO ABIERTO,"486",,,,,,,
946.245765284,EA,ESPACIO ABIERTO,CAMELLON,"487",,,,,,,
2563.62117257,EA,ESPACIO ABIERTO,PARQUE,"488",,,,,,,
8367.1454277,EA,ESPACIO ABIERTO,CAMELLON,"489",,,,,,,
3800.43736152,EA,ESPACIO ABIERTO,CAMELLON,"490",,,,,,,
3142.40791927,EA,ESPACIO ABIERTO,CAMELLON,"491",,,,,,,
5799.56399432,EA,ESPACIO ABIERTO,CAMELLON,"492",,,,,,,
534.462915017,EA,ESPACIO ABIERTO,PARQUE,"493",,,,,,,
2330.8974728,EA,ESPACIO ABIERTO,PARQUE,"494",,,,,,,
1326.63172502,EA,ESPACIO ABIERTO,PARQUE,"495",,,,,,,
919.921337771,EA,ESPACIO ABIERTO,PARQUE,"496",,,,,,,
9409.05039534,EA,ESPACIO ABIERTO,CAMELLON,"497",,,,,,,
6838.63140644,EA,ESPACIO ABIERTO,CAMELLON,"498",,,,,,,
3549.24951567,EA,ESPACIO ABIERTO,CAMELLON,"499",,,,,,,
5510.65244572,EA,ESPACIO ABIERTO,CAMELLON,"500",,,,,,,
7069.05592388,EA,ESPACIO ABIERTO,CAMELLON,"501",,,,,,,
10318.4052694,EA,ESPACIO ABIERTO,CAMELLON,"502",,,,,,,
3936.35983256,EA,ESPACIO ABIERTO,CAMELLON,"503",,,,,,,
2305.60727723,EA,ESPACIO ABIERTO,CAMELLON,"504",,,,,,,
10948.8995327,EA,ESPACIO ABIERTO,CAMELLON,"505",,,,,,,
6088.65674837,EA,ESPACIO ABIERTO,PARQUE,"506",,,,,,,
7308.31857581,EA,ESPACIO ABIERTO,PARQUE,"507",,,,,,,
10918.2725797,EA,ESPACIO ABIERTO,PARQUE,"508",,,,,,,
12433.0998554,EA,ESPACIO ABIERTO,PARQUE,"509",,,,,,,
11600.8157332,EA,ESPACIO ABIERTO,PARQUE,"510",,,,,,,
10846.6601342,EA,ESPACIO ABIERTO,CAMELLON,"511",,,,,,,
8670.86193143,EA,ESPACIO ABIERTO,CAMELLON,"512",,,,,,,
9859.76879691,EA,ESPACIO ABIERTO,CAMELLON,"513",,,,,,,
1255.68577097,EA,ESPACIO ABIERTO,PARQUE,"514",,,,,,,
1479.67777495,EA,ESPACIO ABIERTO,PARQUE,"515",,,,,,,
79788.3769067,EA,ESPACIO ABIERTO,PARQUE,"516",,,,,,,
192.860251945,EA,ESPACIO ABIERTO,PARQUE,"517",,,,,,,
252.202855756,EA,ESPACIO ABIERTO,ESPACIO ABIERTO,"518",,,,,,,
6828.57389563,EA,ESPACIO ABIERTO,PARQUE,"519",,,,,,,
61.9045279252,EA,ESPACIO ABIERTO,ESPACIO ABIERTO,"520",,,,,,,
22.3396776177,EA,ESPACIO ABIERTO,ESPACIO ABIERTO,"521",,,,,,,
17804.9890086,EA,ESPACIO ABIERTO,PARQUE,"522",,,,,,,
7303.86317591,EA,ESPACIO ABIERTO,PARQUE,"523",,,,,,,
22076.3126387,EA,ESPACIO ABIERTO,PARQUE,"524",,,,,,,
17930.191047,EA,ESPACIO ABIERTO,PARQUE,"525",,,,,,,
2763.12900857,EA,ESPACIO ABIERTO,PARQUE,"526",,,,,,,
9359.5361316,EA,ESPACIO ABIERTO,CAMELLON,"527",,,,,,,
1527.60266044,EA,ESPACIO ABIERTO,PARQUE,"528",,,,,,,
820.945178929,EA,ESPACIO ABIERTO,PARQUE,"529",,,,,,,
4005.61532373,EA,ESPACIO ABIERTO,PARQUE,"530",,,,,,,
14050.8982678,EA,ESPACIO ABIERTO,PARQUE,"531",,,,,,,
162.210902586,EA,ESPACIO ABIERTO,PARQUE,"532",,,,,,,
8924.68849803,EA,ESPACIO ABIERTO,PARQUE,"533",,,,,,,
1834.51598919,EA,ESPACIO ABIERTO,PARQUE,"534",,,,,,,
2166.86789254,EA,ESPACIO ABIERTO,PARQUE,"535",,,,,,,
1848.47315993,EA,ESPACIO ABIERTO,PARQUE,"536",,,,,,,
6398.0908669,EA,ESPACIO ABIERTO,PARQUE,"537",,,,,,,
1270.60427853,EA,ESPACIO ABIERTO,PARQUE,"538",,,,,,,
745.930778876,EA,ESPACIO ABIERTO,PARQUE,"539",,,,,,,
777.15670186,EA,ESPACIO ABIERTO,PARQUE,"540",,,,,,,
4488.163627,EA,ESPACIO ABIERTO,PARQUE,"541",,,,,,,
100.472614674,EA,ESPACIO ABIERTO,PARQUE,"542",,,,,,,
154.67091104,EA,ESPACIO ABIERTO,ESPACIO ABIERTO,"543",,,,,,,
845.501669849,EA,ESPACIO ABIERTO,PARQUE,"544",,,,,,,
1394.22487192,EA,ESPACIO ABIERTO,ESPACIO ABIERTO,"545",,,,,,,
235.371502899,EA,ESPACIO ABIERTO,ESPACIO ABIERTO,"546",,,,,,,
236.438550141,EA,ESPACIO ABIERTO,ESPACIO ABIERTO,"547",,,,,,,
589.301600536,EA,ESPACIO ABIERTO,ESPACIO ABIERTO,"548",,,,,,,
6546.2357594,EA,ESPACIO ABIERTO,PARQUE,"549",,,,,,,
1013.13713976,EA,ESPACIO ABIERTO,ESPACIO ABIERTO,"550",,,,,,,
1081.35186463,EA,ESPACIO ABIERTO,ESPACIO ABIERTO,"551",,,,,,,
3834.61725032,EA,ESPACIO ABIERTO,PARQUE,"552",,,,,,,
6924.73201065,EA,ESPACIO ABIERTO,PARQUE,"553",,,,,,,
6979.91370017,EA,ESPACIO ABIERTO,PARQUE,"554",,,,,,,
3966.10426534,EA,ESPACIO ABIERTO,PARQUE,"555",,,,,,,
2179.68758076,EA,ESPACIO ABIERTO,PARQUE,"556",,,,,,,
33.9955409416,EA,ESPACIO ABIERTO,CAMELLON,"557",,,,,,,
28.9335150682,EA,ESPACIO ABIERTO,ROTONDA,"558",,,,,,,
204.400641296,EA,ESPACIO ABIERTO,ROTONDA,"559",,,,,,,
64.7553439362,EA,ESPACIO ABIERTO,PARQUE,"560",,,,,,,
936.447279405,EA,ESPACIO ABIERTO,PARQUE,"561",,,,,,,
121.899257596,EA,ESPACIO ABIERTO,CAMELLON,"562",,,,,,,
1276.72033287,EA,ESPACIO ABIERTO,PARQUE,"563",,,,,,,
190.95386604,EA,ESPACIO ABIERTO,CAMELLON,"564",,,,,,,
2193.62414511,EA,ESPACIO ABIERTO,ESPACIO ABIERTO,"565",,,,,,,
4379.17215411,EA,ESPACIO ABIERTO,ESPACIO ABIERTO,"566",,,,,,,
12708.5763025,EA,ESPACIO ABIERTO,PARQUE,"567",,,,,,,
4495.9172546,EA,ESPACIO ABIERTO,PARQUE,"568",,,,,,,
1192.70047156,EA,ESPACIO ABIERTO,ESPACIO ABIERTO,"569",,,,,,,
112.604584421,EA,ESPACIO ABIERTO,ESPACIO ABIERTO,"570",,,,,,,
448.812417833,EA,ESPACIO ABIERTO,PARQUE,"571",,,,,,,
618.808783099,EA,ESPACIO ABIERTO,ESPACIO ABIERTO,"572",,,,,,,
5307.73081493,EA,ESPACIO ABIERTO,CAMELLON,"573",,,,,,,
4291.83848814,EA,ESPACIO ABIERTO,CAMELLON,"574",,,,,,,
884.307715031,EA,ESPACIO ABIERTO,CAMELLON,"575",,,,,,,
5724.06798207,EA,ESPACIO ABIERTO,PARQUE,"576",,,,,,,
1053.03825225,EA,ESPACIO ABIERTO,PARQUE,"577",,,,,,,
1090.23841285,EA,ESPACIO ABIERTO,CAMELLON,"578",,,,,,,
546.646051247,EA,ESPACIO ABIERTO,CAMELLON,"579",,,,,,,
1306.59197068,EA,ESPACIO ABIERTO,CAMELLON,"580",,,,,,,
1127.86930706,EA,ESPACIO ABIERTO,PARQUE,"581",,,,,,,
132.299717039,EA,ESPACIO ABIERTO,CAMELLON,"582",,,,,,,
164.874120151,EA,ESPACIO ABIERTO,CAMELLON,"583",,,,,,,
298.423223838,EA,ESPACIO ABIERTO,CAMELLON,"584",,,,,,,
42.1946149353,EA,ESPACIO ABIERTO,PARQUE,"585",,,,,,,
88.9663060753,EA,ESPACIO ABIERTO,PARQUE,"586",,,,,,,
60.6961357293,EA,ESPACIO ABIERTO,PARQUE,"587",,,,,,,
160.636513741,EA,ESPACIO ABIERTO,PARQUE,"588",,,,,,,
103.464325553,EA,ESPACIO ABIERTO,PARQUE,"589",,,,,,,
60.973852885,EA,ESPACIO ABIERTO,PARQUE,"590",,,,,,,
506.050641912,EA,ESPACIO ABIERTO,PARQUE,"591",,,,,,,
15.3318531325,EA,ESPACIO ABIERTO,CAMELLON,"592",,,,,,,
209.532033008,EA,ESPACIO ABIERTO,CAMELLON,"593",,,,,,,
41.6720002661,EA,ESPACIO ABIERTO,CAMELLON,"594",,,,,,,
255.93629628,EA,ESPACIO ABIERTO,CAMELLON,"595",,,,,,,
129.141650688,EA,ESPACIO ABIERTO,CAMELLON,"596",,,,,,,
2951.29998357,EA,ESPACIO ABIERTO,PARQUE,"597",,,,,,,
5897.91141129,EA,ESPACIO ABIERTO,PARQUE,"598",,,,,,,
558.079985784,EA,ESPACIO ABIERTO,PARQUE,"599",,,,,,,
1461.4472907,EA,ESPACIO ABIERTO,PARQUE,"600",,,,,,,
743.370723974,EA,ESPACIO ABIERTO,ESPACIO ABIERTO,"601",,,,,,,
2750.98556027,EA,ESPACIO ABIERTO,PARQUE,"602",,,,,,,
7907.68026374,EA,ESPACIO ABIERTO,PARQUE,"603",,,,,,,
900.921607908,EA,ESPACIO ABIERTO,PARQUE,"604",,,,,,,
763.426762068,EA,ESPACIO ABIERTO,PARQUE,"605",,,,,,,
449.373099976,EA,ESPACIO ABIERTO,ESPACIO ABIERTO,"606",,,,,,,
536.621780718,EA,ESPACIO ABIERTO,PARQUE,"607",,,,,,,
2953.1346536,EA,ESPACIO ABIERTO,PARQUE,"608",,,,,,,
7978.61972489,EA,ESPACIO ABIERTO,PARQUE,"609",,,,,,,
469.760757103,EA,ESPACIO ABIERTO,ESPACIO ABIERTO,"610",,,,,,,
1112.82124944,EA,ESPACIO ABIERTO,PARQUE,"611",,,,,,,
403.48038607,EA,ESPACIO ABIERTO,PARQUE,"612",,,,,,,
677.250367997,EA,ESPACIO ABIERTO,PARQUE,"613",,,,,,,
2776.52738739,EA,ESPACIO ABIERTO,PARQUE,"614",,,,,,,
656.134646669,EA,ESPACIO ABIERTO,PARQUE,"615",,,,,,,
3817.93118841,EA,ESPACIO ABIERTO,PARQUE,"616",,,,,,,
9590.63891466,EA,ESPACIO ABIERTO,PARQUE,"617",,,,,,,
674.063633748,EA,ESPACIO ABIERTO,PARQUE,"618",,,,,,,
649.695396146,EA,ESPACIO ABIERTO,PARQUE,"619",,,,,,,
10742.3247232,EA,ESPACIO ABIERTO,PARQUE,"620",,,,,,,
908.870445118,EA,ESPACIO ABIERTO,PARQUE,"621",,,,,,,
8465.30381039,EA,ESPACIO ABIERTO,PARQUE,"622",,,,,,,
5388.68197486,EA,ESPACIO ABIERTO,PARQUE,"623",,,,,,,
9793.80281844,EA,ESPACIO ABIERTO,PARQUE,"624",,,,,,,
256.349792113,EA,ESPACIO ABIERTO,PARQUE,"625",,,,,,,
249.260239954,EA,ESPACIO ABIERTO,PARQUE,"626",,,,,,,
1937.18028792,EA,ESPACIO ABIERTO,CAMELLON,"627",,,,,,,
2824.53839511,EA,ESPACIO ABIERTO,CAMELLON,"628",,,,,,,
152.95245606,EA,ESPACIO ABIERTO,CAMELLON,"629",,,,,,,
3400.55387991,EA,ESPACIO ABIERTO,CAMELLON,"630",,,,,,,
113.003357695,EA,ESPACIO ABIERTO,CAMELLON,"631",,,,,,,
413.729920341,EA,ESPACIO ABIERTO,CAMELLON,"632",,,,,,,
1551.74099715,EA,ESPACIO ABIERTO,CAMELLON,"633",,,,,,,
137.985196633,EA,ESPACIO ABIERTO,CAMELLON,"634",,,,,,,
45.9437378126,EA,ESPACIO ABIERTO,CAMELLON,"635",,,,,,,
445.447500106,EA,ESPACIO ABIERTO,ESPACIO ABIERTO,"636",,,,,,,
196.921423237,EA,ESPACIO ABIERTO,CAMELLON,"637",,,,,,,
229.860702636,EA,ESPACIO ABIERTO,CAMELLON,"638",,,,,,,
172.718256863,EA,ESPACIO ABIERTO,CAMELLON,"639",,,,,,,
867.793485259,EA,ESPACIO ABIERTO,CAMELLON,"640",,,,,,,
31.9316661381,EA,ESPACIO ABIERTO,CAMELLON,"641",,,,,,,
805.066187223,EA,ESPACIO ABIERTO,CAMELLON,"642",,,,,,,
59.7300347545,EA,ESPACIO ABIERTO,CAMELLON,"643",,,,,,,
77.959865643,EA,ESPACIO ABIERTO,CAMELLON,"644",,,,,,,
556.03681071,EA,ESPACIO ABIERTO,CAMELLON,"645",,,,,,,
181.379932077,EA,ESPACIO ABIERTO,CAMELLON,"646",,,,,,,
108.354764002,EA,ESPACIO ABIERTO,CAMELLON,"647",,,,,,,
925.830799039,EA,ESPACIO ABIERTO,CAMELLON,"648",,,,,,,
1487.34504963,EA,ESPACIO ABIERTO,CAMELLON,"649",,,,,,,
202.264786547,EA,ESPACIO ABIERTO,CAMELLON,"650",,,,,,,
878.167340112,EA,ESPACIO ABIERTO,CAMELLON,"651",,,,,,,
94.5673562299,EA,ESPACIO ABIERTO,CAMELLON,"652",,,,,,,
1260.54367167,EA,ESPACIO ABIERTO,PARQUE,"653",,,,,,,
448.353476675,EA,ESPACIO ABIERTO,PARQUE,"654",,,,,,,
236.338728439,EA,ESPACIO ABIERTO,ESPACIO ABIERTO,"655",,,,,,,
337.344431023,EA,ESPACIO ABIERTO,CAMELLON,"656",,,,,,,
252.541713628,EA,ESPACIO ABIERTO,CAMELLON,"657",,,,,,,
13495.2961944,EA,ESPACIO ABIERTO,PARQUE,"658",,,,,,,
6072.57797242,EA,ESPACIO ABIERTO,PARQUE,"659",,,,,,,
321.70740067,EA,ESPACIO ABIERTO,PARQUE,"660",,,,,,,
246.607141651,EA,ESPACIO ABIERTO,PARQUE,"661",,,,,,,
507.035352295,EA,ESPACIO ABIERTO,PARQUE,"662",,,,,,,
1226.62773428,EA,ESPACIO ABIERTO,PARQUE,"663",,,,,,,
3342.57441269,EA,ESPACIO ABIERTO,PARQUE,"664",,,,,,,
1038.74996238,EA,ESPACIO ABIERTO,PARQUE,"665",,,,,,,
535.824448744,EA,ESPACIO ABIERTO,PARQUE,"666",,,,,,,
377.301924391,EA,ESPACIO ABIERTO,ESPACIO ABIERTO,"667",,,,,,,
1176.48799964,EA,ESPACIO ABIERTO,ESPACIO ABIERTO,"668",,,,,,,
1862.87295886,EA,ESPACIO ABIERTO,ESPACIO ABIERTO,"669",,,,,,,
184.854778162,EA,ESPACIO ABIERTO,CAMELLON,"670",,,,,,,
135.788107551,EA,ESPACIO ABIERTO,CAMELLON,"671",,,,,,,
173.999701679,EA,ESPACIO ABIERTO,CAMELLON,"672",,,,,,,
36.4734257378,EA,ESPACIO ABIERTO,CAMELLON,"673",,,,,,,
450.836805367,EA,ESPACIO ABIERTO,CAMELLON,"674",,,,,,,
130.180435858,EA,ESPACIO ABIERTO,CAMELLON,"675",,,,,,,
214.578539374,EA,ESPACIO ABIERTO,CAMELLON,"676",,,,,,,
153.42035786,EA,ESPACIO ABIERTO,CAMELLON,"677",,,,,,,
132.614600533,EA,ESPACIO ABIERTO,CAMELLON,"678",,,,,,,
54.3699117909,EA,ESPACIO ABIERTO,CAMELLON,"679",,,,,,,
186.908637509,EA,ESPACIO ABIERTO,CAMELLON,"680",,,,,,,
187.597965383,EA,ESPACIO ABIERTO,CAMELLON,"681",,,,,,,
138.544130128,EA,ESPACIO ABIERTO,CAMELLON,"682",,,,,,,
197.828249049,EA,ESPACIO ABIERTO,CAMELLON,"683",,,,,,,
217.891604237,EA,ESPACIO ABIERTO,CAMELLON,"684",,,,,,,
262.935994177,EA,ESPACIO ABIERTO,CAMELLON,"685",,,,,,,
33.3231561171,EA,ESPACIO ABIERTO,CAMELLON,"686",,,,,,,
1959.61808079,EA,ESPACIO ABIERTO,CAMELLON,"687",,,,,,,
61.3338116905,EA,ESPACIO ABIERTO,CAMELLON,"688",,,,,,,
78.8884777058,EA,ESPACIO ABIERTO,CAMELLON,"689",,,,,,,
1083.36576612,EA,ESPACIO ABIERTO,CAMELLON,"690",,,,,,,
347.180998431,EA,ESPACIO ABIERTO,CAMELLON,"691",,,,,,,
129.465392183,EA,ESPACIO ABIERTO,CAMELLON,"692",,,,,,,
194.989476168,EA,ESPACIO ABIERTO,CAMELLON,"693",,,,,,,
24.2304249717,EA,ESPACIO ABIERTO,CAMELLON,"694",,,,,,,
561.238715087,EA,ESPACIO ABIERTO,CAMELLON,"695",,,,,,,
248.671908102,EA,ESPACIO ABIERTO,CAMELLON,"696",,,,,,,
2352.60209952,EA,ESPACIO ABIERTO,CAMELLON,"697",,,,,,,
1978.83209143,EA,ESPACIO ABIERTO,CAMELLON,"698",,,,,,,
2674.74416,EA,ESPACIO ABIERTO,CAMELLON,"699",,,,,,,
194.274093087,EA,ESPACIO ABIERTO,CAMELLON,"700",,,,,,,
62.5917581106,S,SERVICIOS,CASETA,"701",,,,,,,
1680.6509914,EA,ESPACIO ABIERTO,CAMELLON,"702",,,,,,,
2760.65953153,EA,ESPACIO ABIERTO,CAMELLON,"703",,,,,,,
494.277471906,EA,ESPACIO ABIERTO,CAMELLON,"704",,,,,,,
200.294002587,EA,ESPACIO ABIERTO,CAMELLON,"705",,,,,,,
493.125603532,EA,ESPACIO ABIERTO,CAMELLON,"706",,,,,,,
956.742722563,EA,ESPACIO ABIERTO,CAMELLON,"707",,,,,,,
598.591784749,EA,ESPACIO ABIERTO,CAMELLON,"708",,,,,,,
388.255068087,EA,ESPACIO ABIERTO,PARQUE,"709",,,,,,,
1530.52371302,EA,ESPACIO ABIERTO,ESPACIO ABIERTO,"710",,,,,,,
1592.40375186,EA,ESPACIO ABIERTO,ESPACIO ABIERTO,"711",,,,,,,
343.10055231,EA,ESPACIO ABIERTO,ESPACIO ABIERTO,"712",,,,,,,
479.221150357,EA,ESPACIO ABIERTO,ESPACIO ABIERTO,"713",,,,,,,
18988.7371571,EA,ESPACIO ABIERTO,PARQUE,"714",,,,,,,
4810.27174539,EA,ESPACIO ABIERTO,PARQUE,"715",,,,,,,
1927.98164477,EA,ESPACIO ABIERTO,PARQUE,"716",,,,,,,
5046.05734877,EA,ESPACIO ABIERTO,PARQUE,"717",,,,,,,
5879.67765297,EA,ESPACIO ABIERTO,PARQUE,"718",,,,,,,
551.030780643,EA,ESPACIO ABIERTO,ESPACIO ABIERTO,"719",,,,,,,
651.310365364,EA,ESPACIO ABIERTO,PARQUE,"720",,,,,,,
10373.1679292,EA,ESPACIO ABIERTO,ESPACIO ABIERTO,"721",,,,,,,
1773.56918246,EA,ESPACIO ABIERTO,ESPACIO ABIERTO,"722",,,,,,,
3992.65715249,EA,ESPACIO ABIERTO,PARQUE,"723",,,,,,,
11502.1555331,EA,ESPACIO ABIERTO,PARQUE,"724",,,,,,,
1132.48164867,EA,ESPACIO ABIERTO,PARQUE,"725",,,,,,,
257.20267953,EA,ESPACIO ABIERTO,ESPACIO ABIERTO,"726",,,,,,,
4146.03958859,EA,ESPACIO ABIERTO,ESPACIO ABIERTO,"727",,,,,,,
6687.25174722,EA,ESPACIO ABIERTO,PARQUE,"728",,,,,,,
1278.2033841,EA,ESPACIO ABIERTO,PARQUE,"729",,,,,,,
3546.49036623,EA,ESPACIO ABIERTO,PARQUE,"730",,,,,,,
9327.63622778,EA,ESPACIO ABIERTO,PARQUE,"731",,,,,,,
261.835848467,EA,ESPACIO ABIERTO,ESPACIO ABIERTO,"732",,,,,,,
403.269869021,EA,ESPACIO ABIERTO,PARQUE,"733",,,,,,,
753.883614445,EA,ESPACIO ABIERTO,PARQUE,"734",,,,,,,
172.162154964,EA,ESPACIO ABIERTO,PARQUE,"735",,,,,,,
198.20393068,EA,ESPACIO ABIERTO,PARQUE,"736",,,,,,,
359.948000411,EA,ESPACIO ABIERTO,ESPACIO ABIERTO,"737",,,,,,,
487.188260098,EA,ESPACIO ABIERTO,ESPACIO ABIERTO,"738",,,,,,,
496.950179073,EA,ESPACIO ABIERTO,PARQUE,"739",,,,,,,
435.195653908,EA,ESPACIO ABIERTO,PARQUE,"740",,,,,,,
6528.0075205,EA,ESPACIO ABIERTO,PARQUE,"741",,,,,,,
2184.58051589,EA,ESPACIO ABIERTO,PARQUE,"742",,,,,,,
1702.00040046,EA,ESPACIO ABIERTO,ESPACIO ABIERTO,"743",,,,,,,
123.643656651,EA,ESPACIO ABIERTO,CAMELLON,"744",,,,,,,
1364.02112366,EA,ESPACIO ABIERTO,PARQUE,"745",,,,,,,
298.659188001,EA,ESPACIO ABIERTO,CAMELLON,"746",,,,,,,
1435.02222592,EA,ESPACIO ABIERTO,PARQUE,"747",,,,,,,
550.253494956,EA,ESPACIO ABIERTO,ESPACIO ABIERTO,"748",,,,,,,
6720.343833,EA,ESPACIO ABIERTO,PARQUE,"749",,,,,,,
226.852925873,EA,ESPACIO ABIERTO,PARQUE,"750",,,,,,,
55.8633931267,EA,ESPACIO ABIERTO,ESPACIO ABIERTO,"751",,,,,,,
116.210117957,EA,ESPACIO ABIERTO,ESPACIO ABIERTO,"752",,,,,,,
3240.66563642,EA,ESPACIO ABIERTO,PARQUE,"753",,,,,,,
1384.86390782,EA,ESPACIO ABIERTO,ESPACIO ABIERTO,"754",,,,,,,
1349.42285588,EA,ESPACIO ABIERTO,PARQUE,"755",,,,,,,
7491.48793986,EA,ESPACIO ABIERTO,PARQUE,"756",,,,,,,
291.322126606,EA,ESPACIO ABIERTO,PARQUE,"757",,,,,,,
4255.94993713,EA,ESPACIO ABIERTO,PARQUE,"758",,,,,,,
2296.28932305,EA,ESPACIO ABIERTO,PARQUE,"759",,,,,,,
6251.12799309,EA,ESPACIO ABIERTO,PARQUE,"760",,,,,,,
2624.44453581,EA,ESPACIO ABIERTO,PARQUE,"761",,,,,,,
216.421455148,EA,ESPACIO ABIERTO,PARQUE,"762",,,,,,,
13020.5364832,EA,ESPACIO ABIERTO,PARQUE,"763",,,,,,,
2476.66197601,EA,ESPACIO ABIERTO,PARQUE,"764",,,,,,,
1023.24572639,EA,ESPACIO ABIERTO,PARQUE,"765",,,,,,,
205.16688392,EA,ESPACIO ABIERTO,PARQUE,"766",,,,,,,
221.057466378,EA,ESPACIO ABIERTO,PARQUE,"767",,,,,,,
1030.33205754,EA,ESPACIO ABIERTO,PARQUE,"768",,,,,,,
805.082731153,EA,ESPACIO ABIERTO,PARQUE,"769",,,,,,,
1889.63146531,EA,ESPACIO ABIERTO,PARQUE,"770",,,,,,,
1182.23743235,DP,DERECHO DE PASO,DERECHO DE PASO,"771",,,,,,,
8564.44389821,EA,ESPACIO ABIERTO,PARQUE,"772",,,,,,,
527.555784427,DP,DERECHO DE PASO,DERECHO DE PASO,"773",,,,,,,
425.463578886,EA,ESPACIO ABIERTO,PARQUE,"774",,,,,,,
220.336583359,EA,ESPACIO ABIERTO,ESPACIO ABIERTO,"775",,,,,,,
9021.6314753,EA,ESPACIO ABIERTO,PARQUE,"776",,,,,,,
377.893680298,DP,DERECHO DE PASO,DERECHO DE PASO,"777",,,,,,,
128.787142894,DP,DERECHO DE PASO,DERECHO DE PASO,"778",,,,,,,
1570.58542865,EA,ESPACIO ABIERTO,ESPACIO ABIERTO,"779",,,,,,,
3604.2226212,EA,ESPACIO ABIERTO,PARQUE,"780",,,,,,,
4869.68208415,EA,ESPACIO ABIERTO,PARQUE,"781",,,,,,,
7823.38662659,EA,ESPACIO ABIERTO,PARQUE,"782",,,,,,,
347.53593698,EA,ESPACIO ABIERTO,ESPACIO ABIERTO,"783",,,,,,,
687.420377869,EA,ESPACIO ABIERTO,PARQUE,"784",,,,,,,
527.941977645,EA,ESPACIO ABIERTO,CAMELLON,"785",,,,,,,
711.998116601,EA,ESPACIO ABIERTO,CAMELLON,"786",,,,,,,
569.952707651,EA,ESPACIO ABIERTO,PARQUE,"787",,,,,,,
372.775892126,DP,DERECHO DE PASO,DERECHO DE PASO,"788",,,,,,,
249.357095911,DP,DERECHO DE PASO,DERECHO DE PASO,"789",,,,,,,
233.209724449,EA,ESPACIO ABIERTO,PARQUE,"790",,,,,,,
338.069440774,DP,DERECHO DE PASO,DERECHO DE PASO,"791",,,,,,,
249.629592106,EA,ESPACIO ABIERTO,PARQUE,"792",,,,,,,
1023.23297992,EA,ESPACIO ABIERTO,PARQUE,"793",,,,,,,
547.127079463,EA,ESPACIO ABIERTO,PARQUE,"794",,,,,,,
606.541867748,EA,ESPACIO ABIERTO,PARQUE,"795",,,,,,,
1334.8016,EA,ESPACIO ABIERTO,PARQUE,"796",,,,,,,
1600.78903681,EA,ESPACIO ABIERTO,PARQUE,"797",,,,,,,
38145.9124381,EA,ESPACIO ABIERTO,ESPACIO ABIERTO,"798",,,,,,,
23515.2040604,EA,ESPACIO ABIERTO,ESPACIO ABIERTO,"799",,,,,,,
316.105543524,EA,ESPACIO ABIERTO,PARQUE,"800",,,,,,,
670.328921585,EA,ESPACIO ABIERTO,PARQUE,"801",,,,,,,
8911.88189003,EA,ESPACIO ABIERTO,CAÑADA,"802",,,,,,,
62.1332273976,EA,ESPACIO ABIERTO,PARQUE,"803",,,,,,,
257.931452242,EA,ESPACIO ABIERTO,PARQUE,"804",,,,,,,
609.519160395,EA,ESPACIO ABIERTO,PARQUE,"805",,,,,,,
3532.49426883,EA,ESPACIO ABIERTO,PARQUE,"806",,,,,,,
20386.3772164,EA,ESPACIO ABIERTO,ESPACIO ABIERTO,"807",,,,,,,
101.179590636,EA,ESPACIO ABIERTO,ESPACIO ABIERTO,"808",,,,,,,
4735.30794787,EA,ESPACIO ABIERTO,ESPACIO ABIERTO,"809",,,,,,,
6790.01339688,EA,ESPACIO ABIERTO,ESPACIO ABIERTO,"810",,,,,,,
5295.60243735,EA,ESPACIO ABIERTO,PARQUE,"811",,,,,,,
4656.59246462,EA,ESPACIO ABIERTO,CAÑADA,"812",,,,,,,
11751.8168166,EA,ESPACIO ABIERTO,PARQUE,"813",,,,,,,
205.851695984,EA,ESPACIO ABIERTO,CAMELLON,"814",,,,,,,
48.4265509263,EA,ESPACIO ABIERTO,ESPACIO ABIERTO,"815",,,,,,,
100.851331369,EA,ESPACIO ABIERTO,ESPACIO ABIERTO,"816",,,,,,,
99.9207529642,EA,ESPACIO ABIERTO,ESPACIO ABIERTO,"817",,,,,,,
105.677827554,EA,ESPACIO ABIERTO,ESPACIO ABIERTO,"818",,,,,,,
1822.44087074,EA,ESPACIO ABIERTO,ESPACIO ABIERTO,"819",,,,,,,
366.054811236,EA,ESPACIO ABIERTO,ESPACIO ABIERTO,"820",,,,,,,
743.013266772,EA,ESPACIO ABIERTO,PARQUE,"821",,,,,,,
1871.79565976,EA,ESPACIO ABIERTO,ESPACIO ABIERTO,"822",,,,,,,
621.761998216,EA,ESPACIO ABIERTO,CAMELLON,"823",,,,,,,
2163.77306908,EA,ESPACIO ABIERTO,PARQUE,"824",,,,,,,
1179.22191958,EA,ESPACIO ABIERTO,PARQUE,"825",,,,,,,
712.726752335,EA,ESPACIO ABIERTO,ESPACIO ABIERTO,"826",,,,,,,
60851.6652389,EA,ESPACIO ABIERTO,ESPACIO ABIERTO,"827",,,,,,,
41750.5130882,EA,ESPACIO ABIERTO,ESPACIO ABIERTO,"828",,,,,,,
4508.76789196,EA,ESPACIO ABIERTO,ESPACIO ABIERTO,"829",,,,,,,
1437.68534584,EA,ESPACIO ABIERTO,PARQUE,"830",,,,,,,
1909.60415144,EA,ESPACIO ABIERTO,PARQUE,"831",,,,,,,
14284.2275011,EA,ESPACIO ABIERTO,PARQUE,"832",,,,,,,
7321.68979099,EA,ESPACIO ABIERTO,PARQUE,"833",,,,,,,
2025.37317095,EA,ESPACIO ABIERTO,ESPACIO ABIERTO,"834",,,,,,,
1000.780292,EA,ESPACIO ABIERTO,ESPACIO ABIERTO,"835",,,,,,,
2228.28412631,EA,ESPACIO ABIERTO,ESPACIO ABIERTO,"836",,,,,,,
10122.8930695,EA,ESPACIO ABIERTO,ESPACIO ABIERTO,"837",,,,,,,
2516.46536116,EA,ESPACIO ABIERTO,PARQUE,"838",,,,,,,
253.81458004,EA,ESPACIO ABIERTO,ESPACIO ABIERTO,"839",,,,,,,
249.519040703,EA,ESPACIO ABIERTO,CAMELLON,"840",,,,,,,
271.113144834,EA,ESPACIO ABIERTO,ESPACIO ABIERTO,"841",,,,,,,
526.068965636,EA,ESPACIO ABIERTO,PARQUE,"842",,,,,,,
1353.97551021,EA,ESPACIO ABIERTO,PARQUE,"843",,,,,,,
1692.18681979,EA,ESPACIO ABIERTO,ESPACIO ABIERTO,"844",,,,,,,
1613.14173561,EA,ESPACIO ABIERTO,ESPACIO ABIERTO,"845",,,,,,,
496.549080614,EA,ESPACIO ABIERTO,PARQUE,"846",,,,,,,
248.28669467,EA,ESPACIO ABIERTO,ESPACIO ABIERTO,"847",,,,,,,
452.809694106,EA,ESPACIO ABIERTO,PARQUE,"848",,,,,,,
153.648131547,EA,ESPACIO ABIERTO,ESPACIO ABIERTO,"849",,,,,,,
133.15947422,EA,ESPACIO ABIERTO,ESPACIO ABIERTO,"850",,,,,,,
155.795622372,EA,ESPACIO ABIERTO,ESPACIO ABIERTO,"851",,,,,,,
66.7671410893,EA,ESPACIO ABIERTO,ESPACIO ABIERTO,"852",,,,,,,
383.75360624,EA,ESPACIO ABIERTO,ESPACIO ABIERTO,"853",,,,,,,
66.8098413962,EA,ESPACIO ABIERTO,ESPACIO ABIERTO,"854",,,,,,,
92.2541760892,EA,ESPACIO ABIERTO,ESPACIO ABIERTO,"855",,,,,,,
268.410636027,EA,ESPACIO ABIERTO,ESPACIO ABIERTO,"856",,,,,,,
170.106941544,EA,ESPACIO ABIERTO,ESPACIO ABIERTO,"857",,,,,,,
267.494646355,EA,ESPACIO ABIERTO,CAMELLON,"858",,,,,,,
1689.44312054,EA,ESPACIO ABIERTO,PARQUE,"859",,,,,,,
641.633196706,EA,ESPACIO ABIERTO,PARQUE,"860",,,,,,,
934.323488736,EA,ESPACIO ABIERTO,ESPACIO ABIERTO,"861",,,,,,,
791.802733855,EA,ESPACIO ABIERTO,PARQUE,"862",,,,,,,
8527.01840724,EA,ESPACIO ABIERTO,PARQUE,"863",,,,,,,
1560.66951536,EA,ESPACIO ABIERTO,PARQUE,"864",,,,,,,
1138.00878439,EA,ESPACIO ABIERTO,ESPACIO ABIERTO,"865",,,,,,,
689.976270775,EA,ESPACIO ABIERTO,PARQUE,"866",,,,,,,
1283.37715929,EA,ESPACIO ABIERTO,PARQUE,"867",,,,,,,
4747.58273027,EA,ESPACIO ABIERTO,PARQUE,"868",,,,,,,
392.31508548,EA,ESPACIO ABIERTO,PARQUE,"869",,,,,,,
522.373585576,EA,ESPACIO ABIERTO,ESPACIO ABIERTO,"870",,,,,,,
508.927431681,EA,ESPACIO ABIERTO,ESPACIO ABIERTO,"871",,,,,,,
800.784485409,EA,ESPACIO ABIERTO,PARQUE,"872",,,,,,,
933.244638103,EA,ESPACIO ABIERTO,PARQUE,"873",,,,,,,
2155.29620615,EA,ESPACIO ABIERTO,PARQUE,"874",,,,,,,
5388.68197486,EA,ESPACIO ABIERTO,PARQUE,"875",,,,,,,
89.5694070412,EA,ESPACIO ABIERTO,CAMELLON,"876",,,,,,,
227.002653599,EA,ESPACIO ABIERTO,CAMELLON,"877",,,,,,,
196.995928242,EA,ESPACIO ABIERTO,CAMELLON,"878",,,,,,,
41.5904794434,EA,ESPACIO ABIERTO,CAMELLON,"879",,,,,,,
185.032992185,EA,ESPACIO ABIERTO,CAMELLON,"880",,,,,,,
418.623843856,EA,ESPACIO ABIERTO,CAMELLON,"881",,,,,,,
41.3659829536,EA,ESPACIO ABIERTO,CAMELLON,"882",,,,,,,
348.630004194,EA,ESPACIO ABIERTO,CAMELLON,"883",,,,,,,
417.708705343,EA,ESPACIO ABIERTO,CAMELLON,"884",,,,,,,
1811.16304894,EA,ESPACIO ABIERTO,CAMELLON,"885",,,,,,,
55.5511061397,EA,ESPACIO ABIERTO,CAMELLON,"886",,,,,,,
370.69614202,EA,ESPACIO ABIERTO,ROTONDA,"887",,,,,,,
202.057009197,EA,ESPACIO ABIERTO,PARQUE,"888",,,,,,,
73.7569731575,EA,ESPACIO ABIERTO,ESPACIO ABIERTO,"889",,,,,,,
253.282123137,EA,ESPACIO ABIERTO,PARQUE,"890",,,,,,,
15416.3579982,EA,ESPACIO ABIERTO,PARQUE,"891",,,,,,,
310.358113256,EA,ESPACIO ABIERTO,ESPACIO ABIERTO,"892",,,,,,,
144.344142182,EA,ESPACIO ABIERTO,CAMELLON,"893",,,,,,,
68.9693897601,EA,ESPACIO ABIERTO,CAMELLON,"894",,,,,,,
2106.67094523,EA,ESPACIO ABIERTO,ESPACIO ABIERTO,"895",,,,,,,
1091.74490337,EA,ESPACIO ABIERTO,ESPACIO ABIERTO,"896",,,,,,,
1675.05671981,EA,ESPACIO ABIERTO,CAÑADA,"897",,,,,,,
90587.395846,EA,ESPACIO ABIERTO,PARQUE,"898",,,,,,,
110.376688156,IF,INFRAESTRUCTURA,TELMEX,"899",,,,,,,
7587.88862485,EA,ESPACIO ABIERTO,ESPACIO ABIERTO,"900",,,,,,,
2170.11740058,EA,ESPACIO ABIERTO,PARQUE,"901",,,,,,,
3692.32521938,EA,ESPACIO ABIERTO,PARQUE,"902",,,,,,,
1047.72826508,EA,ESPACIO ABIERTO,PARQUE,"903",,,,,,,
578.26841958,EA,ESPACIO ABIERTO,PARQUE,"904",,,,,,,
477.331289,EA,ESPACIO ABIERTO,PARQUE,"905",,,,,,,
11172.9333345,EA,ESPACIO ABIERTO,PARQUE,"906",,,,,,,
742.34186098,EA,ESPACIO ABIERTO,PARQUE,"907",,,,,,,
341.933276414,EA,ESPACIO ABIERTO,PARQUE,"908",,,,,,,
34.064661343,EA,ESPACIO ABIERTO,ESPACIO ABIERTO,"909",,,,,,,
455.317476157,EA,ESPACIO ABIERTO,PARQUE,"910",,,,,,,
61.308008054,EA,ESPACIO ABIERTO,ESPACIO ABIERTO,"911",,,,,,,
431.020574607,EA,ESPACIO ABIERTO,PARQUE,"912",,,,,,,
646.605713162,EA,ESPACIO ABIERTO,ESPACIO ABIERTO,"913",,,,,,,
369.611493819,EA,ESPACIO ABIERTO,CAMELLON,"914",,,,,,,
2029.27361488,EA,ESPACIO ABIERTO,ESPACIO ABIERTO,"915",,,,,,,
4984.8135296,EA,ESPACIO ABIERTO,ESPACIO ABIERTO,"916",,,,,,,
2102.45364432,EA,ESPACIO ABIERTO,ESPACIO ABIERTO,"917",,,,,,,
2251.09903521,EA,ESPACIO ABIERTO,ESPACIO ABIERTO,"918",,,,,,,
3157.10793813,EA,ESPACIO ABIERTO,ESPACIO ABIERTO,"919",,,,,,,
581.868592003,EA,ESPACIO ABIERTO,ESPACIO ABIERTO,"920",,,,,,,
9573.97806122,EA,ESPACIO ABIERTO,ESPACIO ABIERTO,"921",,,,,,,
2546.93865763,EA,ESPACIO ABIERTO,CAÑADA,"922",,,,,,,
1717.57905777,EA,ESPACIO ABIERTO,CAMELLON,"923",,,,,,,
1262.17791196,EA,ESPACIO ABIERTO,ESPACIO ABIERTO,"924",,,,,,,
73.6179133845,S,SERVICIOS,CASETA,"925",,,,,,,
181.283766016,EA,ESPACIO ABIERTO,ESPACIO ABIERTO,"926",,,,,,,
251.818653517,EA,ESPACIO ABIERTO,ESPACIO ABIERTO,"927",,,,,,,
6097.29627305,EA,ESPACIO ABIERTO,ESPACIO ABIERTO,"928",,,,,,,
450.299286153,EA,ESPACIO ABIERTO,ESPACIO ABIERTO,"929",,,,,,,
2006.02061919,EA,ESPACIO ABIERTO,ESPACIO ABIERTO,"930",,,,,,,
336.079207523,EA,ESPACIO ABIERTO,ESPACIO ABIERTO,"931",,,,,,,
583.277992153,EA,ESPACIO ABIERTO,ESPACIO ABIERTO,"932",,,,,,,
105.143490082,EA,ESPACIO ABIERTO,CAMELLON,"933",,,,,,,
1874.68607721,EA,ESPACIO ABIERTO,ESPACIO ABIERTO,"934",,,,,,,
2359.43267335,EA,ESPACIO ABIERTO,ESPACIO ABIERTO,"935",,,,,,,
2913.69026701,EA,ESPACIO ABIERTO,ESPACIO ABIERTO,"936",,,,,,,
2395.5995994,EA,ESPACIO ABIERTO,ESPACIO ABIERTO,"937",,,,,,,
3369.66106635,EA,ESPACIO ABIERTO,ESPACIO ABIERTO,"938",,,,,,,
2329.04325636,EA,ESPACIO ABIERTO,PARQUE,"939",,,,,,,
7196.19299492,EA,ESPACIO ABIERTO,PARQUE,"940",,,,,,,
4596.05369513,EA,ESPACIO ABIERTO,CAMELLON,"941",,,,,,,
1766.42710893,EA,ESPACIO ABIERTO,CAMELLON,"942",,,,,,,
998.503929784,EA,ESPACIO ABIERTO,CAMELLON,"943",,,,,,,
1584.62411256,EA,ESPACIO ABIERTO,CAMELLON,"944",,,,,,,
383.380275844,EA,ESPACIO ABIERTO,CAMELLON,"945",,,,,,,
240.373238839,EA,ESPACIO ABIERTO,CAMELLON,"946",,,,,,,
7308.79919405,EA,ESPACIO ABIERTO,CAMELLON,"947",,,,,,,
143.81749025,EA,ESPACIO ABIERTO,CAMELLON,"948",,,,,,,
155.79403316,EA,ESPACIO ABIERTO,CAMELLON,"949",,,,,,,
564.424629968,EA,ESPACIO ABIERTO,CAMELLON,"950",,,,,,,
1491.66297723,EA,ESPACIO ABIERTO,CAMELLON,"951",,,,,,,
81.1857967207,EA,ESPACIO ABIERTO,CAMELLON,"952",,,,,,,
246.627923606,EA,ESPACIO ABIERTO,CAMELLON,"953",,,,,,,
922.752085608,EA,ESPACIO ABIERTO,CAMELLON,"954",,,,,,,
669.635091914,EA,ESPACIO ABIERTO,CAMELLON,"955",,,,,,,
358.612220997,EA,ESPACIO ABIERTO,CAMELLON,"956",,,,,,,
9928.40790599,EA,ESPACIO ABIERTO,CAMELLON,"957",,,,,,,
1975.01473935,EA,ESPACIO ABIERTO,CAMELLON,"958",,,,,,,
8093.72388988,EA,ESPACIO ABIERTO,CAMELLON,"959",,,,,,,
2261.34455343,EA,ESPACIO ABIERTO,CAMELLON,"960",,,,,,,
999.671231443,EA,ESPACIO ABIERTO,CAMELLON,"961",,,,,,,
488.249348684,EA,ESPACIO ABIERTO,CAMELLON,"962",,,,,,,
450.370161957,EA,ESPACIO ABIERTO,CAMELLON,"963",,,,,,,
97.4608322622,EA,ESPACIO ABIERTO,CAMELLON,"964",,,,,,,
109.005804048,EA,ESPACIO ABIERTO,CAMELLON,"965",,,,,,,
77.4983530729,EA,ESPACIO ABIERTO,CAMELLON,"966",,,,,,,
1181.23153971,EA,ESPACIO ABIERTO,CAMELLON,"967",,,,,,,
363.907254108,EA,ESPACIO ABIERTO,CAMELLON,"968",,,,,,,
328.646985494,EA,ESPACIO ABIERTO,CAMELLON,"969",,,,,,,
589.08186114,EA,ESPACIO ABIERTO,CAMELLON,"970",,,,,,,
65.2507969506,EA,ESPACIO ABIERTO,CAMELLON,"971",,,,,,,
1089.79549173,EA,ESPACIO ABIERTO,CAMELLON,"972",,,,,,,
727.594712833,EA,ESPACIO ABIERTO,CAMELLON,"973",,,,,,,
660.278316968,EA,ESPACIO ABIERTO,CAMELLON,"974",,,,,,,
518.032976991,EA,ESPACIO ABIERTO,CAMELLON,"975",,,,,,,
464.280638299,EA,ESPACIO ABIERTO,CAMELLON,"976",,,,,,,
457.070148884,EA,ESPACIO ABIERTO,CAMELLON,"977",,,,,,,
397.997968802,EA,ESPACIO ABIERTO,CAMELLON,"978",,,,,,,
713.721169435,EA,ESPACIO ABIERTO,CAMELLON,"979",,,,,,,
419.425150532,EA,ESPACIO ABIERTO,CAMELLON,"980",,,,,,,
133.212225327,EA,ESPACIO ABIERTO,CAMELLON,"981",,,,,,,
155.406201371,EA,ESPACIO ABIERTO,CAMELLON,"982",,,,,,,
2097.40001878,EA,ESPACIO ABIERTO,CAMELLON,"983",,,,,,,
1720.65117963,EA,ESPACIO ABIERTO,CAMELLON,"984",,,,,,,
52.956160787,EA,ESPACIO ABIERTO,CAMELLON,"985",,,,,,,
37.0599065855,EA,ESPACIO ABIERTO,CAMELLON,"986",,,,,,,
60.7660612419,EA,ESPACIO ABIERTO,CAMELLON,"987",,,,,,,
98.6144047386,EA,ESPACIO ABIERTO,CAMELLON,"988",,,,,,,
11.7340934499,EA,ESPACIO ABIERTO,CAMELLON,"989",,,,,,,
46.9472645579,EA,ESPACIO ABIERTO,CAMELLON,"990",,,,,,,
1338.32193258,EA,ESPACIO ABIERTO,CAMELLON,"991",,,,,,,
1177.31552249,EA,ESPACIO ABIERTO,CAMELLON,"992",,,,,,,
372.652659497,EA,ESPACIO ABIERTO,CAMELLON,"993",,,,,,,
122.98368873,EA,ESPACIO ABIERTO,CAMELLON,"994",,,,,,,
365.738011407,EA,ESPACIO ABIERTO,CAMELLON,"995",,,,,,,
1761.51010539,EA,ESPACIO ABIERTO,PARQUE,"996",,,,,,,
2152.70645535,EA,ESPACIO ABIERTO,CAMELLON,"997",,,,,,,
386.694856382,EA,ESPACIO ABIERTO,CAMELLON,"998",,,,,,,
704.463631869,EA,ESPACIO ABIERTO,CAMELLON,"999",,,,,,,
241.951450002,EA,ESPACIO ABIERTO,CAMELLON,"1000",,,,,,,
89.916173903,EA,ESPACIO ABIERTO,CAMELLON,"1001",,,,,,,
1607.72761784,EA,ESPACIO ABIERTO,CAMELLON,"1002",,,,,,,
832.305536913,EA,ESPACIO ABIERTO,CAMELLON,"1003",,,,,,,
1160.92441284,EA,ESPACIO ABIERTO,CAMELLON,"1004",,,,,,,
142.558550232,EA,ESPACIO ABIERTO,CAMELLON,"1005",,,,,,,
103.970200114,EA,ESPACIO ABIERTO,CAMELLON,"1006",,,,,,,
25.0882817878,EA,ESPACIO ABIERTO,CAMELLON,"1007",,,,,,,
70.4333279683,EA,ESPACIO ABIERTO,CAMELLON,"1008",,,,,,,
25.4823935387,EA,ESPACIO ABIERTO,CAMELLON,"1009",,,,,,,
20.1221368109,EA,ESPACIO ABIERTO,CAMELLON,"1010",,,,,,,
4.02522833342,EA,ESPACIO ABIERTO,CAMELLON,"1011",,,,,,,
444.134793231,EA,ESPACIO ABIERTO,CAMELLON,"1012",,,,,,,
576.873367862,EA,ESPACIO ABIERTO,CAMELLON,"1013",,,,,,,
88.8405847593,EA,ESPACIO ABIERTO,CAMELLON,"1014",,,,,,,
1241.95356477,EA,ESPACIO ABIERTO,PARQUE,"1015",,,,,,,
144.091453197,EA,ESPACIO ABIERTO,CAMELLON,"1016",,,,,,,
178.554266734,EA,ESPACIO ABIERTO,ESPACIO ABIERTO,"1017",,,,,,,
151.893680671,EA,ESPACIO ABIERTO,ESPACIO ABIERTO,"1018",,,,,,,
83580.7638721,EA,ESPACIO ABIERTO,ESPACIO ABIERTO,"1019",,,,,,,
691.373199788,EA,ESPACIO ABIERTO,ROTONDA,"1020",,,,,,,
6986.28934698,EA,ESPACIO ABIERTO,PARQUE,"1021",,,,,,,
242.770753718,EA,ESPACIO ABIERTO,CAMELLON,"1022",,,,,,,
98.7953602044,EA,ESPACIO ABIERTO,CAMELLON,"1023",,,,,,,
101.055616226,EA,ESPACIO ABIERTO,CAMELLON,"1024",,,,,,,
92.8124596844,EA,ESPACIO ABIERTO,CAMELLON,"1025",,,,,,,
56.119440507,EA,ESPACIO ABIERTO,CAMELLON,"1026",,,,,,,
80.3196724117,EA,ESPACIO ABIERTO,CAMELLON,"1027",,,,,,,
1191.52406629,EA,ESPACIO ABIERTO,CAMELLON,"1028",,,,,,,
622.035563268,EA,ESPACIO ABIERTO,PARQUE,"1029",,,,,,,
294.84199351,EA,ESPACIO ABIERTO,CAMELLON,"1030",,,,,,,
283.815233037,EA,ESPACIO ABIERTO,CAMELLON,"1031",,,,,,,
197.002905359,EA,ESPACIO ABIERTO,CAMELLON,"1032",,,,,,,
240.517901845,EA,ESPACIO ABIERTO,CAMELLON,"1033",,,,,,,
306.563369631,EA,ESPACIO ABIERTO,CAMELLON,"1034",,,,,,,
1237.3626934,EA,ESPACIO ABIERTO,CAMELLON,"1035",,,,,,,
303.19721531,EA,ESPACIO ABIERTO,PARQUE,"1036",,,,,,,
372.886831623,EA,ESPACIO ABIERTO,PARQUE,"1037",,,,,,,
483.933167507,EA,ESPACIO ABIERTO,PARQUE,"1038",,,,,,,
42.6775237971,EA,ESPACIO ABIERTO,PARQUE,"1039",,,,,,,
144.338357333,EA,ESPACIO ABIERTO,ESPACIO ABIERTO,"1040",,,,,,,
99.0114811532,EA,ESPACIO ABIERTO,ESPACIO ABIERTO,"1041",,,,,,,
20.8554218591,EA,ESPACIO ABIERTO,CAMELLON,"1042",,,,,,,
150.622344956,EA,ESPACIO ABIERTO,CAMELLON,"1043",,,,,,,
237.626934388,EA,ESPACIO ABIERTO,CAMELLON,"1044",,,,,,,
457.526078893,EA,ESPACIO ABIERTO,ESPACIO ABIERTO,"1045",,,,,,,
147.805093261,EA,ESPACIO ABIERTO,ESPACIO ABIERTO,"1046",,,,,,,
753.410658738,EA,ESPACIO ABIERTO,ESPACIO ABIERTO,"1047",,,,,,,
489.707842171,EA,ESPACIO ABIERTO,PARQUE,"1048",,,,,,,
54.5334371642,EA,ESPACIO ABIERTO,ESPACIO ABIERTO,"1049",,,,,,,
44.5066236205,EA,ESPACIO ABIERTO,ROTONDA,"1050",,,,,,,
52.4818532287,EA,ESPACIO ABIERTO,ROTONDA,"1051",,,,,,,
0,EA,ESPACIO ABIERTO,ESPACIO ABIERTO,"1052",,,,,,,
0,EA,ESPACIO ABIERTO,ESPACIO ABIERTO,"1053",,,,,,,
456.739869779,EA,ESPACIO ABIERTO,ESPACIO ABIERTO,"1054",,,,,,,
134.74788924,EA,ESPACIO ABIERTO,ESPACIO ABIERTO,"1055",,,,,,,
358.613386294,EA,ESPACIO ABIERTO,ESPACIO ABIERTO,"1056",,,,,,,
169.828718086,EA,ESPACIO ABIERTO,ESPACIO ABIERTO,"1057",,,,,,,
13.4833720848,EA,ESPACIO ABIERTO,ESPACIO ABIERTO,"1058",,,,,,,
1548.71216193,EA,ESPACIO ABIERTO,CAMELLON,"1059",,,,,,,
491.900534763,EA,ESPACIO ABIERTO,CAMELLON,"1060",,,,,,,
9.45527081021,EA,ESPACIO ABIERTO,ESPACIO ABIERTO,"1061",,,,,,,
4051.6547943,EA,ESPACIO ABIERTO,ESPACIO ABIERTO,"1062",PARQUE SAN EVARISTO,"COLONIA VILLAS DEL OBISPO , CALLE LANDON  Y SAN EVARISTO",K1,PRINCIPAL,ÁREA PÚBLICA,ABIERTO,parque de barrio
1449.54592904,EA,ESPACIO ABIERTO,PARQUE,"1063",PARQUE EL POZO,"COLONIA SAN PEDRO 400, URANIO Y AZUFRE",K1,PRINCIPAL,ÁREA PÚBLICA,ABIERTO,parque de barrio
5890.92491729,EA,ESPACIO ABIERTO,PARQUE,"1064",PARQUE VISTA DE LA MONTAÑA,"COLONIA SAN PEDRO 400 , PLATINO ORIENTE Y VIRGILIO CARDENAS",K1,PRINCIPAL,ÁREA PÚBLICA,ABIERTO,parque de barrio
9042.75338128,EA,ESPACIO ABIERTO,PARQUE,"1065",ÁREA DEP. MANUEL J. CLOUTHIER (CORREGIDORA-CROMO),"SECTOR NORPONEINTE DE SAN PEDRO , CLOUTHIER / CORREGIDORA Y CROMO",K1,LINEAL,ÁREA PÚBLICA,ABIERTO,parque de barrio
6976.72352827,EA,ESPACIO ABIERTO,PARQUE,"1066",ÁREA DEP. MANUEL J. CLOUTHIER (CORREGIDORA-CROMO),"SECTOR NORPONEINTE DE SAN PEDRO , CLOUTHIER / CORREGIDORA Y CROMO",K1,LINEAL,ÁREA PÚBLICA,ABIERTO,parque de barrio
15203.5199386,EA,ESPACIO ABIERTO,PARQUE,"1067",PARQUE LA FUERZA,"COLONIA EL OBISPO , BELISARIO DOMINGUEZ Y MIGUEL ALEMAN",K1,PRINCIPAL,ÁREA PÚBLICA,ABIERTO,parque de barrio
4962.57194272,EA,ESPACIO ABIERTO,PARQUE,"1068",LUCIO BLANCO 2° SECTOR. PARQUE LINEAL,"COLONIA LUCIO BLANCO , CALLE PLAN DEL RIO Y AV CORREGIDORA",K1,BARRIAL,ÁREA PÚBLICA,ABIERTO,parque de barrio
1200.11955807,EA,ESPACIO ABIERTO,ESPACIO ABIERTO,"1069",,,,,,,
109.086798892,EA,ESPACIO ABIERTO,ESPACIO ABIERTO,"1070",,,,,,,
42.851468655,EA,ESPACIO ABIERTO,CAMELLON,"1071",,,,,,,
367.276983309,EA,ESPACIO ABIERTO,CAMELLON,"1072",,,,,,,
127.537100259,EA,ESPACIO ABIERTO,CAMELLON,"1073",,,,,,,
967.610397358,EA,ESPACIO ABIERTO,CAMELLON,"1074",,,,,,,
215.33260426,EA,ESPACIO ABIERTO,PARQUE,"1075",,,,,,,
51861.7864104,EA,ESPACIO ABIERTO,ESPACIO ABIERTO,"1076",,,,,,,
1920.16560384,EA,ESPACIO ABIERTO,ESPACIO ABIERTO,"1077",,,,,,,
9603.18784343,EA,ESPACIO ABIERTO,ESPACIO ABIERTO,"1078",,,,,,,
4537.61554508,EA,ESPACIO ABIERTO,ESPACIO ABIERTO,"1079",,,,,,,
6692.61805767,EA,ESPACIO ABIERTO,ESPACIO ABIERTO,"1080",,,,,,,
1091.82190955,EA,ESPACIO ABIERTO,PARQUE,"1081",,,,,,,
20.7790280006,EA,ESPACIO ABIERTO,PARQUE,"1082",,,,,,,
101.81595266,EA,ESPACIO ABIERTO,PARQUE,"1083",,,,,,,
40.7613522778,EA,ESPACIO ABIERTO,PARQUE,"1084",,,,,,,
694.779942554,EA,ESPACIO ABIERTO,PARQUE,"1085",,,,,,,
105.241881635,EA,ESPACIO ABIERTO,ESPACIO ABIERTO,"1086",,,,,,,
120.015240374,EA,ESPACIO ABIERTO,ESPACIO ABIERTO,"1087",,,,,,,
1370.60463237,EA,ESPACIO ABIERTO,PARQUE,"1088",,,,,,,
284.531844343,EA,ESPACIO ABIERTO,CAMELLON,"1089",,,,,,,
121.982709254,EA,ESPACIO ABIERTO,CAMELLON,"1090",,,,,,,
475.393802553,EA,ESPACIO ABIERTO,CAÑADA,"1091",,,,,,,
146.894852159,EA,ESPACIO ABIERTO,CAMELLON,"1092",,,,,,,
718.617709171,EA,ESPACIO ABIERTO,ESPACIO ABIERTO,"1093",,,,,,,
52.0113804578,EA,ESPACIO ABIERTO,CAMELLON,"1094",,,,,,,
48.4801542143,EA,ESPACIO ABIERTO,CAMELLON,"1095",,,,,,,
157.937987913,EA,ESPACIO ABIERTO,CAMELLON,"1096",,,,,,,
8485.30057314,EA,ESPACIO ABIERTO,PARQUE,"1097",,,,,,,
2586.75729534,EA,ESPACIO ABIERTO,PARQUE,"1098",PARQUE LOS FICUS,"COLONIA REVOLUCION 2º , EMILIANO ZAPATA Y FLORES MAGON",K1,PRINCIPAL,ÁREA PÚBLICA,ABIERTO,parque de barrio
10430.6061566,EA,ESPACIO ABIERTO,ESPACIO ABIERTO,"1099",PARQUE RESPLANDOR,"COLONIA EL OBISPO , FRANCISCO I. MADERO Y ANDADOR CORREGIDORA",K1,PRINCIPAL,ÁREA PÚBLICA,ABIERTO,parque urbano
1721.1490923,EA,ESPACIO ABIERTO,ESPACIO ABIERTO,"1100",PARQUE SAN EVARISTO,"COLONIA VILLAS DEL OBISPO , CALLE LANDON  Y SAN EVARISTO",K1,PRINCIPAL,ÁREA PÚBLICA,ABIERTO,parque de barrio
853.163508855,EA,ESPACIO ABIERTO,ESPACIO ABIERTO,"1101",PARQUE SAN EVARISTO,"COLONIA VILLAS DEL OBISPO , CALLE LANDON  Y SAN EVARISTO",K1,PRINCIPAL,ÁREA PÚBLICA,ABIERTO,parque de barrio
7632.96856937,EA,ESPACIO ABIERTO,ESPACIO ABIERTO,"1102",PARQUE SAN PEDRO 400,"COLONIA SAN PEDRO 400, URANIO Y OSMIO",K1,PRINCIPAL,ÁREA PÚBLICA,ABIERTO,parque de barrio
2113.70822033,EA,ESPACIO ABIERTO,PARQUE,"1103",PARQUE LA AMISTAD ORIENTE,"COLONIA SAN PEDRO 400, URANIO Y COBALTO",K1,PRINCIPAL,ÁREA PÚBLICA,ABIERTO,parque lineal
1285.98082551,EA,ESPACIO ABIERTO,ESPACIO ABIERTO,"1104",ÁREA DEP. MANUEL J. CLOUTHIER (CORREGIDORA-CROMO),"SECTOR NORPONEINTE DE SAN PEDRO , CLOUTHIER / CORREGIDORA Y CROMO",K1,LINEAL,ÁREA PÚBLICA,ABIERTO,parque lineal
96.0680673816,EA,ESPACIO ABIERTO,CAMELLON,"1105",ÁREA DEP. MANUEL J. CLOUTHIER (CORREGIDORA-CROMO),"SECTOR NORPONEINTE DE SAN PEDRO , CLOUTHIER / CORREGIDORA Y CROMO",K1,LINEAL,ÁREA PÚBLICA,ABIERTO,parque lineal
24.1384329027,EA,ESPACIO ABIERTO,CAMELLON,"1106",,,,,,,
2999.62529344,EA,ESPACIO ABIERTO,CAMELLON,"1107",PARQUE LOS GIRASOLES,,K1,PRINCIPAL,ÁREA PÚBLICA,ABIERTO,parque de barrio
471.549564512,EA,ESPACIO ABIERTO,CAMELLON,"1108",,,,,,,
14415.4165336,EA,ESPACIO ABIERTO,PARQUE,"1109",PARQUE VILLITAS DEL OBISPO,"COLONIA VILLITAS DEL OBISPO , FRAY JUAN DE ZUMARRAGA",K1,PRINCIPAL,ÁREA PÚBLICA,ABIERTO,parque de barrio
1811.63022724,EA,ESPACIO ABIERTO,ESPACIO ABIERTO,"1110",PARQUE VILLITAS DEL OBISPO,"COLONIA VILLITAS DEL OBISPO , FRAY JUAN DE ZUMARRAGA",K1,PRINCIPAL,ÁREA PÚBLICA,ABIERTO,parque de barrio
4131.17788683,EA,ESPACIO ABIERTO,ESPACIO ABIERTO,"1111",PARQUE VILLITAS DEL OBISPO,"COLONIA VILLITAS DEL OBISPO , FRAY JUAN DE ZUMARRAGA",K1,PRINCIPAL,ÁREA PÚBLICA,ABIERTO,parque de barrio
788.280671632,EA,ESPACIO ABIERTO,ESPACIO ABIERTO,"1112",,,,,,,
1591.48910881,EA,ESPACIO ABIERTO,ESPACIO ABIERTO,"1113",UNIDAD SAN PEDRO,UNIDAD HABITACIONAL SAN PEDRO ZINC Y 20 DE NOVIEMBRE,K1,RECREATIVO,ÁREA PÚBLICA,ABIERTO,parque lineal
7858.97547677,EA,ESPACIO ABIERTO,ESPACIO ABIERTO,"1114",UNIDAD SAN PEDRO,UNIDAD HABITACIONAL SAN PEDRO ZINC Y 20 DE NOVIEMBRE,K1,RECREATIVO,ÁREA PÚBLICA,ABIERTO,parque lineal
456.402474382,EA,ESPACIO ABIERTO,ESPACIO ABIERTO,"1115",,,,,,,
785.212128701,EA,ESPACIO ABIERTO,ESPACIO ABIERTO,"1116",,,,,,,
1165.57398682,EA,ESPACIO ABIERTO,ESPACIO ABIERTO,"1117",ÁREA DEP. MANUEL J. CLOUTHIER (CORREGIDORA-CROMO),"SECTOR NORPONEINTE DE SAN PEDRO , CLOUTHIER / CORREGIDORA Y CROMO",K1,LINEAL,ÁREA PÚBLICA,ABIERTO,parque lineal
4577.94403273,EA,ESPACIO ABIERTO,ESPACIO ABIERTO,"1118",,,,,,,
2322.76217228,EA,ESPACIO ABIERTO,ESPACIO ABIERTO,"1119",,,,,,,
1115.25298685,EA,ESPACIO ABIERTO,ESPACIO ABIERTO,"1120",,,,,,,
129.987407602,EA,ESPACIO ABIERTO,ESPACIO ABIERTO,"1121",,,,,,,
1064.20904397,EA,ESPACIO ABIERTO,PARQUE,"1122",,,,,,,
158.470644725,EA,ESPACIO ABIERTO,PARQUE,"1123",,,,,,,
45.7014542539,DP,DERECHO DE PASO,DERECHO DE PASO,"1124",,,,,,,
52.1689490181,DP,DERECHO DE PASO,DERECHO DE PASO,"1125",,,,,,,
51.8263562684,DP,DERECHO DE PASO,DERECHO DE PASO,"1126",,,,,,,
55.6250903461,DP,DERECHO DE PASO,DERECHO DE PASO,"1127",,,,,,,
363.172799896,EA,ESPACIO ABIERTO,ESPACIO ABIERTO,"1128",,,,,,,
588.396530341,EA,ESPACIO ABIERTO,ESPACIO ABIERTO,"1129",,,,,,,
104.239650731,EA,ESPACIO ABIERTO,PARQUE,"1130",,,,,,,
269.222501219,EA,ESPACIO ABIERTO,ESPACIO ABIERTO,"1131",,,,,,,
89.136203879,EA,ESPACIO ABIERTO,ESPACIO ABIERTO,"1132",,,,,,,
66.6990505377,EA,ESPACIO ABIERTO,ESPACIO ABIERTO,"1133",,,,,,,
92.0372039127,EA,ESPACIO ABIERTO,ESPACIO ABIERTO,"1134",,,,,,,
21037.6598596,PEC,AREA PRESERVACION NATURAL,AREA PRESERVACION NATURAL,"1135",,,,,,,
21459.5604115,EA,ESPACIO ABIERTO,ESPACIO ABIERTO,"1136",,,,,,,
14471.7810286,EA,ESPACIO ABIERTO,ESPACIO ABIERTO,"1137",,,,,,,
20380.2018106,EA,ESPACIO ABIERTO,ESPACIO ABIERTO,"1138",,,,,,,
2312.5817789,EA,ESPACIO ABIERTO,PARQUE,"1139",,,,,,,
794.790555243,EA,ESPACIO ABIERTO,ESPACIO ABIERTO,"1140",,,,,,,
85.7345811708,EA,ESPACIO ABIERTO,PARQUE,"1141",,,,,,,
479.475035872,EA,ESPACIO ABIERTO,ESPACIO ABIERTO,"1142",,,,,,,
780.05902279,EA,ESPACIO ABIERTO,ESPACIO ABIERTO,"1143",,,,,,,
1043.86575046,EA,ESPACIO ABIERTO,ESPACIO ABIERTO,"1144",,,,,,,
634.128773089,EA,ESPACIO ABIERTO,ESPACIO ABIERTO,"1145",,,,,,,
443.637119063,EA,ESPACIO ABIERTO,ESPACIO ABIERTO,"1146",,,,,,,
358.500180577,EA,ESPACIO ABIERTO,CAMELLON,"1147",,,,,,,
518.961556696,EA,ESPACIO ABIERTO,CAMELLON,"1148",,,,,,,
448.775139389,EA,ESPACIO ABIERTO,CAMELLON,"1149",,,,,,,
998.739964449,EA,ESPACIO ABIERTO,CAMELLON,"1150",,,,,,,
1096.72487642,EA,ESPACIO ABIERTO,CAMELLON,"1151",,,,,,,
2449.71100656,EA,ESPACIO ABIERTO,PARQUE,"1152",,,,,,,
53.1565643366,S,SERVICIOS,CASETA,"1153",,,,,,,
38.1856051471,EA,ESPACIO ABIERTO,CAMELLON,"1154",,,,,,,
106.851313268,EA,ESPACIO ABIERTO,CAMELLON,"1155",,,,,,,
244.029757432,EA,ESPACIO ABIERTO,CAMELLON,"1156",,,,,,,
394.043907225,EA,ESPACIO ABIERTO,ESPACIO ABIERTO,"1157",,,,,,,
82816.2395524,PEC,AREA PRESERVACION NATURAL,AREA PRESERVACION PLAN METROPOLITANO 2021,"1158",,,,,,,
884.484190796,EA,ESPACIO ABIERTO,ESPACIO ABIERTO,"1159",,,,,,,
548.648628394,EA,ESPACIO ABIERTO,ESPACIO ABIERTO,"1160",,,,,,,
369.62868737,EA,ESPACIO ABIERTO,CAMELLON,"1161",,,,,,,
8375.11875064,EA,ESPACIO ABIERTO,ESPACIO ABIERTO,"1162",,,,,,,
0,EA,ESPACIO ABIERTO,ESPACIO ABIERTO,"1163",,,,,,,
0,EA,ESPACIO ABIERTO,ROTONDA,"1164",,,,,,,
2156.35658625,EA,ESPACIO ABIERTO,PARQUE,"1165",,,,,,,
1801.3455998,EU,EQUIPAMIENTO URBANO,ESTACIONAMIENTO Y OFICINAS MUNICIPALES,"1166",,,,,,,
184.810098017,HU,HABITACIONAL UNIFAMILIAR,HABITACIONAL UNIFAMILIAR,"1167",,,,,,,
1128.68136309,EU,EQUIPAMIENTO URBANO,OFICINAS MUNICIPALES EQUIPAMIENTO OF PUBLICA,"1168",,,,,,,
660.865897557,EU,EQUIPAMIENTO URBANO,OFICINAS MUNICIPALES EQUIPAMIENTO OF PUBLICA,"1169",,,,,,,
1692.51161929,EU,EQUIPAMIENTO URBANO,PALACIO MUNICIPAL EQUIPAMIENTO OF PUBLICA,"1170",,,,,,,
890.828308965,EU,EQUIPAMIENTO URBANO,GIMNASIO JESUS D. GONZALEZ,"1171",,,,,,,
374.091261583,EU,EQUIPAMIENTO URBANO,BIBLIOTECA JOSEFINA MATA SILLERBIBLIOTECA JOSEFIN*,"1172",,,,,,,
567.543558828,EU,EQUIPAMIENTO URBANO,MUSEO CENTENARIO,"1173",,,,,,,
82.6047327857,EU,EQUIPAMIENTO URBANO,MUSEO CENTENARIO,"1174",,,,,,,
6714.1483477,EU,EQUIPAMIENTO URBANO,PARQUE DE BEISBOL Y JARDIN DE NIÑOS,"1175",,,,,,,
6635.89197051,EU,EQUIPAMIENTO URBANO,SECUNDARIA IGLESIA,"1176",,,,,,,
7069.1065792,EU,EQUIPAMIENTO URBANO,SECUNDARIA,"1177",,,,,,,
6712.4178541,IF,INFRAESTRUCTURA,TANQUE DE AGUATANQUE DE AGUA Y DRENAJE Y AREA VER*,"1178",,,,,,,
12925.4371447,EU,EQUIPAMIENTO URBANO,PANTEON MUNICIPAL,"1179",,,,,,,
216.355897573,HU,HABITACIONAL UNIFAMILIAR,HABITACIONAL UNIFAMILIAR,"1180",,,,,,,
137.534383026,HU,HABITACIONAL UNIFAMILIAR,HABITACIONAL UNIFAMILIAR,"1181",,,,,,,
140.293817935,HU,HABITACIONAL UNIFAMILIAR,HABITACIONAL UNIFAMILIAR,"1182",,,,,,,
1804.88547669,S,SERVICIOS,BODEGAS,"1183",,,,,,,
5957.96154043,EU,EQUIPAMIENTO URBANO,ESC. MIGUEL HIDALGO Y UNIDAD DE SERV. DE APOYO,"1184",,,,,,,
3875.85179109,EU,EQUIPAMIENTO URBANO,DIF MUNICIPAL,"1185",,,,,,,
25018.7251523,EU,EQUIPAMIENTO URBANO,CETIS 66,"1186",,,,,,,
91.7021242123,HU,HABITACIONAL UNIFAMILIAR,HABITACIONAL UNIFAMILIAR,"1187",,,,,,,
99.3899161027,EU,EQUIPAMIENTO URBANO,EQUIPAMIENTO,"1188",,,,,,,
6366.02161759,EU,EQUIPAMIENTO URBANO,ESC. JOSE S. VIVANCO,"1189",,,,,,,
3164.73533999,EU,EQUIPAMIENTO URBANO,ARCHIVO MUNICIPAL,"1190",,,,,,,
187.853562525,HU,HABITACIONAL UNIFAMILIAR,HABITACIONAL UNIFAMILIAR,"1191",,,,,,,
3176.11276105,EA,ESPACIO ABIERTO,ESPACIO ABIERTO,"1192",,,,,,,
1330.8309972,EA,ESPACIO ABIERTO,ESPACIO ABIERTO,"1193",,,,,,,
4678.43650793,EU,EQUIPAMIENTO URBANO,INSTITUTO MANO AMIGA,"1194",,,,,,,
845.339887707,EU,EQUIPAMIENTO URBANO,INSTITUTO MANO AMIGA,"1195",,,,,,,
9002.07610453,EU,EQUIPAMIENTO URBANO,PARROQUIA DE NUESTRA SEÑORA DE LOS ANGELES,"1196",,,,,,,
148.424334846,IF,INFRAESTRUCTURA,TANQUE DE AGUA,"1197",,,,,,,
1096.52096838,IF,INFRAESTRUCTURA,TANQUE DE AGUA,"1198",,,,,,,
9434.98417159,EU,EQUIPAMIENTO URBANO,SEC. TECNICA 4 MANUEL GONZALEZ RANGEL,"1199",,,,,,,
1218.52360122,EU,EQUIPAMIENTO URBANO,OFICINAS MUNICIAPLES Y ESTACIONAMIENTO,"1200",,,,,,,
2145.15544473,EU,EQUIPAMIENTO URBANO,PALACIO DE JUSTICIA SERVICIO OF PUB,"1201",,,,,,,
2170.06579913,EU,EQUIPAMIENTO URBANO,ESTACIONAMIENTO Y OFICINAS MUNICIPALES,"1202",,,,,,,
2431.58848759,EU,EQUIPAMIENTO URBANO,POLICIA Y TRANSITO,"1203",,,,,,,
2152.10625564,EU,EQUIPAMIENTO URBANO,C4 POLICIA,"1204",,,,,,,
35027.7058099,EU,EQUIPAMIENTO URBANO,AUDITORIO SAN PEDRO,"1205",,,,,,,
2914.00023523,EU,EQUIPAMIENTO URBANO,ESC. LIC. BENITO FLORES FORD 44,"1206",,,,,,,
1902.61666423,EP,EQUIPAMIENTO PRIVADO,INSTITUTO NUEVO AMANECER,"1207",,,,,,,
11698.2923512,EU,EQUIPAMIENTO URBANO,PANTEÓN VALLE DE LA PAZ,"1208",,,,,,,
1493.14636712,IF,INFRAESTRUCTURA,INFRAESTRUCTURA AGUA,"1209",,,,,,,
332.76215584,HU,HABITACIONAL UNIFAMILIAR,HABITACIONAL UNIFAMILIAR,"1210",,,,,,,
348.586576742,EU,EQUIPAMIENTO URBANO,"CENTRO COMUNITARIO, GUARDERIA  Y DIF","1211",,,,,,,
1458.26409423,EU,EQUIPAMIENTO URBANO,IGLESIA,"1212",,,,,,,
110.378007203,HU,HABITACIONAL UNIFAMILIAR,HABITACIONAL UNIFAMILIAR,"1213",,,,,,,
125.329435086,HU,HABITACIONAL UNIFAMILIAR,HABITACIONAL UNIFAMILIAR,"1214",,,,,,,
113.58416488,HU,HABITACIONAL UNIFAMILIAR,HABITACIONAL UNIFAMILIAR,"1215",,,,,,,
234.105106215,HU,HABITACIONAL UNIFAMILIAR,HABITACIONAL UNIFAMILIAR,"1216",,,,,,,
105.903011572,HU,HABITACIONAL UNIFAMILIAR,HABITACIONAL UNIFAMILIAR,"1217",,,,,,,
220.326132322,HU,HABITACIONAL UNIFAMILIAR,HABITACIONAL UNIFAMILIAR,"1218",,,,,,,
186.207526106,EA,ESPACIO ABIERTO,ESPACIO ABIERTO,"1219",,,,,,,
101.704369957,HU,HABITACIONAL UNIFAMILIAR,HABITACIONAL UNIFAMILIAR,"1220",,,,,,,
96.0412028251,HU,HABITACIONAL UNIFAMILIAR,HABITACIONAL UNIFAMILIAR,"1221",,,,,,,
110.805320404,HU,HABITACIONAL UNIFAMILIAR,HABITACIONAL UNIFAMILIAR,"1222",,,,,,,
220.302846836,HU,HABITACIONAL UNIFAMILIAR,HABITACIONAL UNIFAMILIAR,"1223",,,,,,,
139.996534133,HU,HABITACIONAL UNIFAMILIAR,HABITACIONAL UNIFAMILIAR,"1224",,,,,,,
70.6543302508,HU,HABITACIONAL UNIFAMILIAR,HABITACIONAL UNIFAMILIAR,"1225",,,,,,,
189.076922092,HU,HABITACIONAL UNIFAMILIAR,HABITACIONAL UNIFAMILIAR,"1226",,,,,,,
136.702014016,HU,HABITACIONAL UNIFAMILIAR,HABITACIONAL UNIFAMILIAR,"1227",,,,,,,
141.334460166,HU,HABITACIONAL UNIFAMILIAR,HABITACIONAL UNIFAMILIAR,"1228",,,,,,,
107.827678962,HU,HABITACIONAL UNIFAMILIAR,HABITACIONAL UNIFAMILIAR,"1229",,,,,,,
140.193448433,HU,HABITACIONAL UNIFAMILIAR,HABITACIONAL UNIFAMILIAR,"1230",,,,,,,
140.489772251,HU,HABITACIONAL UNIFAMILIAR,HABITACIONAL UNIFAMILIAR,"1231",,,,,,,
155.791304902,HU,HABITACIONAL UNIFAMILIAR,HABITACIONAL UNIFAMILIAR,"1232",,,,,,,
110.861380449,HU,HABITACIONAL UNIFAMILIAR,HABITACIONAL UNIFAMILIAR,"1233",,,,,,,
128.884217505,HU,HABITACIONAL UNIFAMILIAR,HABITACIONAL UNIFAMILIAR,"1234",,,,,,,
91.9877946044,HU,HABITACIONAL UNIFAMILIAR,HABITACIONAL UNIFAMILIAR,"1235",,,,,,,
119.06759995,HU,HABITACIONAL UNIFAMILIAR,HABITACIONAL UNIFAMILIAR,"1236",,,,,,,
108.507128109,HU,HABITACIONAL UNIFAMILIAR,HABITACIONAL UNIFAMILIAR,"1237",,,,,,,
129.382266902,HU,HABITACIONAL UNIFAMILIAR,HABITACIONAL UNIFAMILIAR,"1238",,,,,,,
227.051695076,HU,HABITACIONAL UNIFAMILIAR,HABITACIONAL UNIFAMILIAR,"1239",,,,,,,
40.2591466642,HU,HABITACIONAL UNIFAMILIAR,HABITACIONAL UNIFAMILIAR,"1240",,,,,,,
154.131917625,HU,HABITACIONAL UNIFAMILIAR,HABITACIONAL UNIFAMILIAR,"1241",,,,,,,
164.883959644,HU,HABITACIONAL UNIFAMILIAR,HABITACIONAL UNIFAMILIAR,"1242",,,,,,,
82.7258436374,HU,HABITACIONAL UNIFAMILIAR,HABITACIONAL UNIFAMILIAR,"1243",,,,,,,
166.147862204,HU,HABITACIONAL UNIFAMILIAR,HABITACIONAL UNIFAMILIAR,"1244",,,,,,,
132.413694309,HU,HABITACIONAL UNIFAMILIAR,HABITACIONAL UNIFAMILIAR,"1245",,,,,,,
137.150219303,HU,HABITACIONAL UNIFAMILIAR,HABITACIONAL UNIFAMILIAR,"1246",,,,,,,
163.810734477,HU,HABITACIONAL UNIFAMILIAR,HABITACIONAL UNIFAMILIAR,"1247",,,,,,,
149.332068074,HU,HABITACIONAL UNIFAMILIAR,HABITACIONAL UNIFAMILIAR,"1248",,,,,,,
167.300332551,HU,HABITACIONAL UNIFAMILIAR,HABITACIONAL UNIFAMILIAR,"1249",,,,,,,
173.644853098,HU,HABITACIONAL UNIFAMILIAR,HABITACIONAL UNIFAMILIAR,"1250",,,,,,,
187.605792324,HU,HABITACIONAL UNIFAMILIAR,HABITACIONAL UNIFAMILIAR,"1251",,,,,,,
150.957663921,HU,HABITACIONAL UNIFAMILIAR,HABITACIONAL UNIFAMILIAR,"1252",,,,,,,
168.196274995,HU,HABITACIONAL UNIFAMILIAR,HABITACIONAL UNIFAMILIAR,"1253",,,,,,,
159.831471791,HU,HABITACIONAL UNIFAMILIAR,HABITACIONAL UNIFAMILIAR,"1254",,,,,,,
64.1554850261,C,COMERCIO,LOCALES COMERCIALES,"1255",,,,,,,
789.548931969,EU,EQUIPAMIENTO URBANO,CARITAS DE MONTERREY,"1256",,,,,,,
7460.67157825,EU,EQUIPAMIENTO URBANO,PRIM. JESUS M. MONTEMAYOR Y OFICINAS REGIONALES,"1257",,,,,,,
1484.22216207,HM,HABITACIONAL MULTIFAMILIAR,HABITACIONAL MULTIFAMILIAR,"1258",,,,,,,
351.378877912,S,SERVICIOS,OFICINAS PRIVADAS,"1259",,,,,,,
3163.00260794,EP,EQUIPAMIENTO PRIVADO,CENTRO CULTURAL Y DEPORTIVO,"1260",,,,,,,
7580.95066565,EU,EQUIPAMIENTO URBANO,ASOCIACION DE ASILOS Y CASA DE RETIRO,"1261",,,,,,,
173.238362359,EU,EQUIPAMIENTO URBANO,BIBLIOTECA PÚBLICA LOMAS DE TAMPIQUITO,"1262",,,,,,,
1681.34763819,S,SERVICIOS,CORREOS DE MEXICO,"1263",,,,,,,
837.940957175,EA,ESPACIO ABIERTO,ESPACIO ABIERTO,"1264",,,,,,,
81.1709214103,HU,HABITACIONAL UNIFAMILIAR,HABITACIONAL UNIFAMILIAR,"1265",,,,,,,
129.655718575,EA,ESPACIO ABIERTO,ESPACIO ABIERTO,"1266",,,,,,,
9417.94124932,EU,EQUIPAMIENTO URBANO,SEC. CONSTITUCION MEXICANA,"1267",,,,,,,
17532.1189766,EU,EQUIPAMIENTO URBANO,"ESC. R. F. MAGON,EMILIANO ZAPATA","1268",,,,,,,
6203.24522812,EU,EQUIPAMIENTO URBANO,EQUIPAMIENTO,"1269",,,,,,,
1219.28119752,EU,EQUIPAMIENTO URBANO,EQUIPAMIENTO,"1270",ÁREA DEP. MANUEL J. CLOUTHIER (CORREGIDORA-CROMO),"SECTOR NORPONEINTE DE SAN PEDRO , CLOUTHIER / CORREGIDORA Y CROMO",K1,LINEAL,ÁREA PÚBLICA,ABIERTO,parque lineal
12667.901219,EU,EQUIPAMIENTO URBANO,"ESC. LAURO AGUIRRE, JARDIN JOAN MIRO","1271",,,,,,,
11678.8478032,EU,EQUIPAMIENTO URBANO,IGLESIA Y PARQUE,"1272",PARQUE LA RETAMA,"COLONIA VISTA MONTAÑA, EMILIANO ZAPATA Y MIGUEL ALEMAN",K1,PRINCIPAL,ÁREA PÚBLICA,ABIERTO,parque de barrio
11.3249726927,S,SERVICIOS,CAJON DE ESTACIONAMIENTO,"1273",,,,,,,
11.4001003607,S,SERVICIOS,CAJON DE ESTACIONAMIENTO,"1274",,,,,,,
11.4750013189,S,SERVICIOS,CAJON DE ESTACIONAMIENTO,"1275",,,,,,,
11.5501126372,S,SERVICIOS,CAJON DE ESTACIONAMIENTO,"1276",,,,,,,
11.624688304,S,SERVICIOS,CAJON DE ESTACIONAMIENTO,"1277",,,,,,,
11.699823194,S,SERVICIOS,CAJON DE ESTACIONAMIENTO,"1278",,,,,,,
11.7743952602,S,SERVICIOS,CAJON DE ESTACIONAMIENTO,"1279",,,,,,,
11.849533739,S,SERVICIOS,CAJON DE ESTACIONAMIENTO,"1280",,,,,,,
11.9242783486,S,SERVICIOS,CAJON DE ESTACIONAMIENTO,"1281",,,,,,,
11.9993107932,S,SERVICIOS,CAJON DE ESTACIONAMIENTO,"1282",,,,,,,
12.0742504291,S,SERVICIOS,CAJON DE ESTACIONAMIENTO,"1283",,,,,,,
12.1490793984,S,SERVICIOS,CAJON DE ESTACIONAMIENTO,"1284",,,,,,,
12.2237523592,S,SERVICIOS,CAJON DE ESTACIONAMIENTO,"1285",,,,,,,
12.2987892588,S,SERVICIOS,CAJON DE ESTACIONAMIENTO,"1286",,,,,,,
12.3734599951,S,SERVICIOS,CAJON DE ESTACIONAMIENTO,"1287",,,,,,,
11.4588604811,S,SERVICIOS,CAJON DE ESTACIONAMIENTO,"1288",,,,,,,
11.8215061189,S,SERVICIOS,CAJON DE ESTACIONAMIENTO,"1289",,,,,,,
12.0739859856,S,SERVICIOS,CAJON DE ESTACIONAMIENTO,"1290",,,,,,,
9208.371921,EU,EQUIPAMIENTO URBANO,OFICINAS PUBLICAS Y PARROQUIA SAN GENARO,"1291",,,,,,,
111.230092817,HU,HABITACIONAL UNIFAMILIAR,HABITACIONAL UNIFAMILIAR,"1292",,,,,,,
6812.16598771,EU,EQUIPAMIENTO URBANO,CENTRO CULTURAL FORTALEZA,"1293",PARQUE RESPLANDOR,"COLONIA EL OBISPO , FRANCISCO I. MADERO Y ANDADOR CORREGIDORA",K1,PRINCIPAL,ÁREA PÚBLICA,ABIERTO,parque urbano
10461.0118366,EU,EQUIPAMIENTO URBANO,CENTRO CULTURAL FORTALEZA,"1294",PARQUE RESPLANDOR,"COLONIA EL OBISPO , FRANCISCO I. MADERO Y ANDADOR CORREGIDORA",K1,PRINCIPAL,ÁREA PÚBLICA,ABIERTO,parque urbano
7826.26349604,EU,EQUIPAMIENTO URBANO,ESC. JUSTO SIERRA,"1295",,,,,,,
1398.31288435,EU,EQUIPAMIENTO URBANO,TANQUE DE AGUA,"1296",PARQUE MANUEL RIVERA,"COLONIA EL OBISPO , MANUEL RIVERA ANAYA Y JUAN SARABIA",K1,PRINCIPAL,ÁREA PÚBLICA,ABIERTO,parque urbano
2277.3746251,EU,EQUIPAMIENTO URBANO,SECRETARIA DE SALUD VILLAS DEL OBISPO,"1297",,,,,,,
119.997087397,DP,DERECHO DE PASO,DERECHO DE PASO,"1298",,,,,,,
126.9100549,DP,DERECHO DE PASO,DERECHO DE PASO,"1299",,,,,,,
63.5468496134,EA,ESPACIO ABIERTO,PARQUE,"1300",,,,,,,
68.9418699114,EA,ESPACIO ABIERTO,ESPACIO ABIERTO,"1301",,,,,,,
83.9154138976,HU,HABITACIONAL UNIFAMILIAR,HABITACIONAL UNIFAMILIAR,"1302",,,,,,,
90.4427826702,HU,HABITACIONAL UNIFAMILIAR,HABITACIONAL UNIFAMILIAR,"1303",,,,,,,
110.866173699,HU,HABITACIONAL UNIFAMILIAR,HABITACIONAL UNIFAMILIAR,"1304",,,,,,,
108.095855821,EA,ESPACIO ABIERTO,ESPACIO ABIERTO,"1305",,,,,,,
75.1545436439,HU,HABITACIONAL UNIFAMILIAR,HABITACIONAL UNIFAMILIAR,"1306",,,,,,,
1030.96976232,EU,EQUIPAMIENTO URBANO,IGLESIA DE NUESTRA SEÑORA DEL COSUELO,"1307",,,,,,,
61.2364602842,HU,HABITACIONAL UNIFAMILIAR,HABITACIONAL UNIFAMILIAR,"1308",,,,,,,
62.6814047394,S,SERVICIOS,GUARDERIA SOLPAMATRA CENDI 4,"1309",,,,,,,
59.5361880315,S,SERVICIOS,GUARDERIA SOLPAMATRA CENDI 4,"1310",,,,,,,
60.4732822885,S,SERVICIOS,GUARDERIA SOLPAMATRA CENDI 4,"1311",,,,,,,
60.327157228,S,SERVICIOS,GUARDERIA SOLPAMATRA CENDI 4,"1312",,,,,,,
60.3041658669,S,SERVICIOS,GUARDERIA SOLPAMATRA CENDI 4,"1313",,,,,,,
41.2367499589,S,SERVICIOS,GUARDERIA SOLPAMATRA CENDI 4,"1314",,,,,,,
7990.77846871,EU,EQUIPAMIENTO URBANO,ESC. PROF. ENEDINA GARCIA Y CAM,"1315",,,,,,,
2520.66689784,EU,EQUIPAMIENTO URBANO,JARDIN DE NIÑOS VICTOR HUGO,"1316",,,,,,,
2831.23380131,EU,EQUIPAMIENTO URBANO,INCUBADORA DE NEGOCIOS MUNICIPAL,"1317",,,,,,,
691.48064944,EU,EQUIPAMIENTO URBANO,CENTRO CIVICO,"1318",,,,,,,
2503.43651906,EU,EQUIPAMIENTO URBANO,CANCHA DEPORTIVA,"1319",,,,,,,
9271.87548612,EU,EQUIPAMIENTO URBANO,GIMNASIO MIRADOR CANTERAS,"1320",,,,,,,
233.447198682,DP,DERECHO DE PASO,DERECHO DE PASO,"1321",,,,,,,
251.737549977,DP,DERECHO DE PASO,DERECHO DE PASO,"1322",,,,,,,
166.058924783,EA,ESPACIO ABIERTO,ESPACIO ABIERTO,"1323",,,,,,,
106.852513691,HU,HABITACIONAL UNIFAMILIAR,HABITACIONAL UNIFAMILIAR,"1324",,,,,,,
106.886952393,HU,HABITACIONAL UNIFAMILIAR,HABITACIONAL UNIFAMILIAR,"1325",,,,,,,
2871.44570304,EA,ESPACIO ABIERTO,PARQUE,"1326",,,,,,,
77.7934232782,EA,ESPACIO ABIERTO,ESPACIO ABIERTO,"1327",,,,,,,
70.9518346938,HU,HABITACIONAL UNIFAMILIAR,HABITACIONAL UNIFAMILIAR,"1328",,,,,,,
770.659463384,HU,HABITACIONAL UNIFAMILIAR,HABITACIONAL UNIFAMILIAR,"1329",,,,,,,
450.121682965,DP,DERECHO DE PASO,DERECHO DE PASO,"1330",,,,,,,
16.9054145929,S,SERVICIOS,CASETA,"1331",,,,,,,
101422.984565,ANP,AREA NATURAL PROTEGIDA,AREA PRESERVACION PLAN METROPOLITANO 2021,"1332",,,,,,,
934.278703565,EU,EQUIPAMIENTO URBANO,PARROQUIA DE SAN AGUSTIN,"1333",,,,,,,
8.24092165931,EA,ESPACIO ABIERTO,CAMELLON,"1334",,,,,,,
209.357559154,HU,HABITACIONAL UNIFAMILIAR,HABITACIONAL UNIFAMILIAR,"1335",,,,,,,
113.870366407,EA,ESPACIO ABIERTO,ESPACIO ABIERTO,"1336",,,,,,,
7744.95704633,EA,ESPACIO ABIERTO,ESPACIO ABIERTO,"1337",,,,,,,
449.503508281,DP,DERECHO DE PASO,DERECHO DE PASO,"1338",,,,,,,
310.217130284,DP,DERECHO DE PASO,DERECHO DE PASO,"1339",,,,,,,
173.098123535,DP,DERECHO DE PASO,DERECHO DE PASO,"1340",,,,,,,
99.0151774582,EA,ESPACIO ABIERTO,ESPACIO ABIERTO,"1341",,,,,,,
159.615849941,DP,DERECHO DE PASO,DERECHO DE PASO,"1342",,,,,,,
203.687211488,DP,DERECHO DE PASO,DERECHO DE PASO,"1343",,,,,,,
838.093282321,HU,HABITACIONAL UNIFAMILIAR,HABITACIONAL UNIFAMILIAR,"1344",,,,,,,
69.5029561262,HU,HABITACIONAL UNIFAMILIAR,HABITACIONAL UNIFAMILIAR,"1345",,,,,,,
63.4483490823,EA,ESPACIO ABIERTO,ESPACIO ABIERTO,"1346",,,,,,,
80.1484550184,HU,HABITACIONAL UNIFAMILIAR,HABITACIONAL UNIFAMILIAR,"1347",,,,,,,
81.484811381,HU,HABITACIONAL UNIFAMILIAR,HABITACIONAL UNIFAMILIAR,"1348",,,,,,,
112.513777763,HU,HABITACIONAL UNIFAMILIAR,HABITACIONAL UNIFAMILIAR,"1349",,,,,,,
632.576725975,EU,EQUIPAMIENTO URBANO,SERVICIO OF PUBLICAS,"1350",,,,,,,
2817.47360625,EU,EQUIPAMIENTO URBANO,ESTACION DE BOMBEROS,"1351",,,,,,,
887.713515799,EU,EQUIPAMIENTO URBANO,OFICINAS MUNICIPALES,"1352",,,,,,,
38.9782612367,EA,ESPACIO ABIERTO,CAMELLON,"1353",,,,,,,
961.4738847,EA,ESPACIO ABIERTO,ESPACIO ABIERTO,"1354",,,,,,,
558.691620773,HU,HABITACIONAL UNIFAMILIAR,HABITACIONAL UNIFAMILIAR,"1355",,,,,,,
850.010697372,EA,ESPACIO ABIERTO,ESPACIO ABIERTO,"1356",,,,,,,
13745.2383353,EA,ESPACIO ABIERTO,ESPACIO ABIERTO,"1357",,,,,,,
929.151824734,DP,DERECHO DE PASO,DERECHO DE PASO,"1358",,,,,,,
1107.1270254,EU,EQUIPAMIENTO URBANO,ALBERGUE,"1359",JESÚS M. GARZA EN MORONES PRIETO,COLONIA JESUS M. GARZA Y AV. MORONES PRIETO,K1,PRINCIPAL,ÁREA PÚBLICA,ABIERTO,parque de bolsillo
142.63116766,HU,HABITACIONAL UNIFAMILIAR,HABITACIONAL UNIFAMILIAR,"1360",,,,,,,
1263.40522627,EU,EQUIPAMIENTO URBANO,ESCUELA FRANCISCO GONZALEZ BOCANEGRA,"1361",,,,,,,
422.422101936,EU,EQUIPAMIENTO URBANO,IGLESIA CRISTO REY,"1362",,,,,,,
210.40038555,EU,EQUIPAMIENTO URBANO,JARDIN DE NIÑOS PROF. PABLO LIVAS,"1363",,,,,,,
13.8732172067,HU,HABITACIONAL UNIFAMILIAR,HABITACIONAL UNIFAMILIAR,"1364",,,,,,,
3.76882092213,DP,DERECHO DE PASO,DERECHO DE PASO,"1365",,,,,,,
855.042835869,EU,EQUIPAMIENTO URBANO,CANCHA DE BASQUETBOL,"1366",,,,,,,
17.2900520238,HU,HABITACIONAL UNIFAMILIAR,HABITACIONAL UNIFAMILIAR,"1367",,,,,,,
37.2097799042,HU,HABITACIONAL UNIFAMILIAR,HABITACIONAL UNIFAMILIAR,"1368",,,,,,,
138.286924382,EU,EQUIPAMIENTO URBANO,CENTRO COMUNITARIO LUCIO BLANCO 1PARQUE,"1369",,,,,,,
156.937924561,EU,EQUIPAMIENTO URBANO,OFICINAS PUBLICAS,"1370",,,,,,,
165.247718818,EU,EQUIPAMIENTO URBANO,CURSOS DE REPOSTERIA,"1371",,,,,,,
279.774145977,EU,EQUIPAMIENTO URBANO,SERVICIO MEDICO MUNICIPAL,"1372",,,,,,,
175.103458424,HM,HABITACIONAL MULTIFAMILIAR,HABITACIONAL MULTIFAMILIAR,"1373",,,,,,,
1741.69449299,HU,HABITACIONAL UNIFAMILIAR,HABITACIONAL UNIFAMILIAR,"1374",,,,,,,
183.446584546,EA,ESPACIO ABIERTO,ESPACIO ABIERTO,"1375",,,,,,,
619.306366434,EU,EQUIPAMIENTO URBANO,ESTANCIA PRIMARIA Y CENDI,"1376",,,,,,,
1298.44178371,EU,EQUIPAMIENTO URBANO,TEMPLO DE NUESTRA SEÑORA DEL REFUGIO,"1377",,,,,,,
516.946591553,HU,HABITACIONAL UNIFAMILIAR,HABITACIONAL UNIFAMILIAR,"1378",,,,,,,
107.133939334,EU,EQUIPAMIENTO URBANO,CENTRO COMUNITARIO Y ESTANCIA PRIMARIA CORREGIDO,"1379",,,,,,,
3632.02990054,IF,INFRAESTRUCTURA,SUBESTACION CFE,"1380",,,,,,,
19041.0800367,EU,EQUIPAMIENTO URBANO,BASE DE OPERACIONES INTERINSTITUCIONALES,"1381",,,,,,,
20310.1063783,EU,EQUIPAMIENTO URBANO,CANCHAS DE AVISPONES,"1382",,,,,,,
19119.8303105,EU,EQUIPAMIENTO URBANO,BIBLIOTECA MODELO,"1383",,,,,,,
611.614807487,EU,EQUIPAMIENTO URBANO,SERVICIO MEDICO MUNICIPAL,"1384",,,,,,,
291.21490831,EU,EQUIPAMIENTO URBANO,SERVICIO MEDICO MUNICIPAL,"1385",,,,,,,
400.923444469,EU,EQUIPAMIENTO URBANO,SERVICIO MEDICO MUNICIPAL,"1386",,,,,,,
417.565987582,EU,EQUIPAMIENTO URBANO,CLINICA MUNICIPAL,"1387",,,,,,,
58.1854071547,HU,HABITACIONAL UNIFAMILIAR,HABITACIONAL UNIFAMILIAR,"1388",,,,,,,
3855.83477105,EU,EQUIPAMIENTO URBANO,CENTRO COMUNITARIO Y AUDITORIO MUNICIPAL,"1389",,,,,,,
1616.65982616,EU,EQUIPAMIENTO URBANO,CENTRO DE ATENCIÓN MULTIPLE CON TALLERES,"1390",,,,,,,
1183.12785863,EU,EQUIPAMIENTO URBANO,PALAPA DIF,"1391",,,,,,,
1807.82910887,EU,EQUIPAMIENTO URBANO,CAPILLAS SAN FRANCISCO,"1392",,,,,,,
1014.88548035,EU,EQUIPAMIENTO URBANO,CENTRO DE SALUD Y UDEM,"1393",,,,,,,
2906.1903569,EU,EQUIPAMIENTO URBANO,CANCHA DE FUTBOL,"1394",,,,,,,
11618.4145674,EA,ESPACIO ABIERTO,ESPACIO ABIERTO,"1395",,,,,,,
2254.26601438,EA,ESPACIO ABIERTO,ESPACIO ABIERTO,"1396",,,,,,,
55.6965643181,EA,ESPACIO ABIERTO,ESPACIO ABIERTO,"1397",,,,,,,
7826.26349604,EU,EQUIPAMIENTO URBANO,PARQUE AMANECER,"1398",PARQUE AMANECER,"COLONIA EL OBISPO , EULALIO GUZMAN Y ANDADOR CORREGIDORA",K1,PRINCIPAL,ÁREA PÚBLICA,ABIERTO,parque urbano
